id,title,author,date,type,language,source,archive_reference,collection,pages,word_count,condition,accessibility,tags,url
DOC_IA_Ambedkar_CompleteWorks,Dr. B.R Ambedkar_CompleteWorks_Created by Dr. Anand Teltumbde,Dr. B.R Ambedkar,2013-03-12,publication,en,IA,Ambedkar_CompleteWorks,Internet Archive Ambedkar Collection,1,16,good,public,social_justice,https://archive.org/details/Ambedkar_CompleteWorks
DOC_IA_hindswaraj_ambedkar_hindi_15,"Ambedkar (Hindi), Vol. 15",Dr. Babasheb Ambedkar,1950-01-26,publication,hi,IA,hindswaraj.ambedkar.hindi.15,Internet Archive Ambedkar Collection,1,21,good,public,social_justice,https://archive.org/details/hindswaraj.ambedkar.hindi.15
DOC_IA_thoughtsonpakist035271mbp,Thoughts On Pakistan,B R Ambedkar,1950-01-26,publication,en,IA,thoughtsonpakist035271mbp,Internet Archive Ambedkar Collection,1,21,good,public,social_justice,https://archive.org/details/thoughtsonpakist035271mbp
DOC_IA_hindswaraj_ambedkar_hindi_1,"Ambedkar (Hindi), Vol. 1",Dr. Babasheb Ambedkar,1950-01-26,publication,hi,IA,hindswaraj.ambedkar.hindi.1,Internet Archive Ambedkar Collection,1,21,good,public,social_justice,https://archive.org/details/hindswaraj.ambedkar.hindi.1
DOC_IA_in_ernet_dli_2015_50130,Pakistan Or Partition Of India,Ambedkar B. R.,1945-01-01,publication,en,IA,in.ernet.dli.2015.50130,Internet Archive Ambedkar Collection,1,76,good,public,social_justice,https://archive.org/details/in.ernet.dli.2015.50130
DOC_IA_riddles-in-hinduism,Riddles In Hinduism,Dr B.R ambedkar,1955-01-01,publication,en,IA,riddles-in-hinduism,Internet Archive Ambedkar Collection,1,61,good,public,constitutional,https://archive.org/details/riddles-in-hinduism
DOC_IA_hindswaraj_ambedkar_hindi_13,"Ambedkar (Hindi), Vol. 13",Dr. Babasheb Ambedkar,1950-01-26,publication,hi,IA,hindswaraj.ambedkar.hindi.13,Internet Archive Ambedkar Collection,1,21,good,public,social_justice,https://archive.org/details/hindswaraj.ambedkar.hindi.13
DOC_IA_HindSwaraj-Speech-04-1,Speech to the Constituent Assembly,B.R. Ambedkar,1946-12-17,speech,en,IA,HindSwaraj-Speech-04-1,Internet Archive Ambedkar Collection,1,14,good,public,constitutional,https://archive.org/details/HindSwaraj-Speech-04-1
DOC_IA_in_ernet_dli_2015_527572,Who Were The Shudras(1946),B. R. Ambedkar,1946-01-01,publication,en,IA,in.ernet.dli.2015.527572,Internet Archive Ambedkar Collection,1,69,good,public,social_justice,https://archive.org/details/in.ernet.dli.2015.527572
DOC_IA_hindswaraj_ambedkar_hindi_8,"Ambedkar (Hindi), Vol. 8",Dr. Babasheb Ambedkar,1950-01-26,publication,hi,IA,hindswaraj.ambedkar.hindi.8,Internet Archive Ambedkar Collection,1,21,good,public,social_justice,https://archive.org/details/hindswaraj.ambedkar.hindi.8
DOC_IA_in_gov_ignca_15980,Buddha and his dhamma,"Ambedkar, B.R.",1957-01-01,publication,en,IA,in.gov.ignca.15980,Internet Archive Ambedkar Collection,1,21,good,public,buddhism,https://archive.org/details/in.gov.ignca.15980
DOC_IA_mkbook2500mkga,"Ambedkar, Vol. 18-3",Dr. Babasheb Ambedkar,2003-01-01,publication,mr,IA,mkbook2500mkga,Internet Archive Ambedkar Collection,1,21,good,public,social_justice,https://archive.org/details/mkbook2500mkga
DOC_IA_in_ernet_dli_2015_282497,Who Were The Shudras,B. R. Ambedkar,1950-01-26,publication,en,IA,in.ernet.dli.2015.282497,Internet Archive Ambedkar Collection,1,72,good,public,social_justice,https://archive.org/details/in.ernet.dli.2015.282497
DOC_IA_VisaKeLiyeIntzaar-Hindi-BhimraoAmbedkar,VISA KE LIYE INTZAAR - HINDI - BHIMRAO AMBEDKAR,BHIMRAO AMBEDKAR,1950-01-26,publication,en,IA,VisaKeLiyeIntzaar-Hindi-BhimraoAmbedkar,Internet Archive Ambedkar Collection,1,9,good,public,social_justice,https://archive.org/details/VisaKeLiyeIntzaar-Hindi-BhimraoAmbedkar
DOC_IA_castesinindia035140mbp,Castes In India,B R Ambedkar,1950-01-26,publication,en,IA,castesinindia035140mbp,Internet Archive Ambedkar Collection,1,21,good,public,social_justice,https://archive.org/details/castesinindia035140mbp
DOC_IA_hindswaraj_ambedkar_hindi_12,"Ambedkar (Hindi), Vol. 12",Dr. Babasheb Ambedkar,1950-01-26,publication,hi,IA,hindswaraj.ambedkar.hindi.12,Internet Archive Ambedkar Collection,1,21,good,public,social_justice,https://archive.org/details/hindswaraj.ambedkar.hindi.12
DOC_IA_BuddhaAndHisDhamma,Buddha and his dhamma,Ambedkar,1950-01-26,publication,en,IA,BuddhaAndHisDhamma,Internet Archive Ambedkar Collection,1,3,good,public,buddhism,https://archive.org/details/BuddhaAndHisDhamma
DOC_IA_hindswaraj_ambedkar_hindi_14,"Ambedkar (Hindi), Vol. 14",Dr. Babasheb Ambedkar,1950-01-26,publication,hi,IA,hindswaraj.ambedkar.hindi.14,Internet Archive Ambedkar Collection,1,21,good,public,social_justice,https://archive.org/details/hindswaraj.ambedkar.hindi.14
DOC_IA_hindswaraj_ambedkar_hindi_7,"Ambedkar (Hindi), Vol. 7",Dr. Babasheb Ambedkar,1950-01-26,publication,hi,IA,hindswaraj.ambedkar.hindi.7,Internet Archive Ambedkar Collection,1,21,good,public,social_justice,https://archive.org/details/hindswaraj.ambedkar.hindi.7
DOC_IA_in_ernet_dli_2015_37194,The Problem Of The Rupee,"Ambedkar, B.r.",1923-01-01,publication,en,IA,in.ernet.dli.2015.37194,Internet Archive Ambedkar Collection,1,86,good,public,"economics, social_justice",https://archive.org/details/in.ernet.dli.2015.37194
DOC_IA_pakistanorthepar035378mbp,Pakistan_Or_The_Partition_Of_India,B R_Ambedkar,2005-01-01,publication,en,IA,pakistanorthepar035378mbp,Internet Archive Ambedkar Collection,1,21,good,public,social_justice,https://archive.org/details/pakistanorthepar035378mbp
DOC_IA_in_ernet_dli_2015_215939,The Untouchables,"Ambedkar, B.r",1948-01-01,publication,en,IA,in.ernet.dli.2015.215939,Internet Archive Ambedkar Collection,1,75,good,public,social_justice,https://archive.org/details/in.ernet.dli.2015.215939
DOC_IA_mkbook2400mkga,"Ambedkar, Vol. 18-2",Dr. Babasheb Ambedkar,2003-01-01,publication,mr,IA,mkbook2400mkga,Internet Archive Ambedkar Collection,1,21,good,public,social_justice,https://archive.org/details/mkbook2400mkga
DOC_IA_hindswaraj_ambedkar_hindi_6,"Ambedkar (Hindi), Vol. 6",Dr. Babasheb Ambedkar,1950-01-26,publication,hi,IA,hindswaraj.ambedkar.hindi.6,Internet Archive Ambedkar Collection,1,21,good,public,social_justice,https://archive.org/details/hindswaraj.ambedkar.hindi.6
DOC_IA_hindswaraj_ambedkar_hindi_2,"Ambedkar (Hindi), Vol. 2",Dr. Babasheb Ambedkar,1950-01-26,publication,hi,IA,hindswaraj.ambedkar.hindi.2,Internet Archive Ambedkar Collection,1,21,good,public,social_justice,https://archive.org/details/hindswaraj.ambedkar.hindi.2
DOC_IA_ambedkar-annihilation-of-castes,ANNIHILATION OF CASTE - ENGLISH - AMBEDKAR,B. R. AMBEDKAR,1950-01-26,publication,en,IA,ambedkar-annihilation-of-castes,Internet Archive Ambedkar Collection,1,7,good,public,caste,https://archive.org/details/ambedkar-annihilation-of-castes
DOC_IA_TheUntouchables_1948,The Untouchables,B. R. Ambedkar,1948-01-01,publication,en,IA,TheUntouchables_1948,Internet Archive Ambedkar Collection,1,15,good,public,social_justice,https://archive.org/details/TheUntouchables_1948
DOC_IA_mkbook2300mkga,"Ambedkar, Vol. 18-1",Dr. Babasheb Ambedkar,2003-01-01,publication,mr,IA,mkbook2300mkga,Internet Archive Ambedkar Collection,1,21,good,public,social_justice,https://archive.org/details/mkbook2300mkga
DOC_IA_hindswaraj_ambedkar_hindi_17,"Ambedkar (Hindi), Vol. 17",Dr. Babasheb Ambedkar,1950-01-26,publication,hi,IA,hindswaraj.ambedkar.hindi.17,Internet Archive Ambedkar Collection,1,21,good,public,social_justice,https://archive.org/details/hindswaraj.ambedkar.hindi.17
DOC_IA_mkbook2600mkga,"Ambedkar, Vol. 19",Dr. Babasheb Ambedkar,2003-01-01,publication,mr,IA,mkbook2600mkga,Internet Archive Ambedkar Collection,1,21,good,public,social_justice,https://archive.org/details/mkbook2600mkga
DOC_IA_in_ernet_dli_2015_143076,Who Were The Shudras,"Ambedkar,b.r.",1946-01-01,publication,en,IA,in.ernet.dli.2015.143076,Internet Archive Ambedkar Collection,1,64,good,public,social_justice,https://archive.org/details/in.ernet.dli.2015.143076
DOC_IA_in_ernet_dli_2015_71655,Annihilation Of Caste With A Reply To Mhatma Gandhi,Ambedkar B.r,1945-01-01,publication,en,IA,in.ernet.dli.2015.71655,Internet Archive Ambedkar Collection,1,72,good,public,caste,https://archive.org/details/in.ernet.dli.2015.71655
DOC_IA_in_ernet_dli_2015_278459,What Congress And Gandhi Have Done To The Untouchables,B.r. Ambedkar,1950-01-26,publication,en,IA,in.ernet.dli.2015.278459,Internet Archive Ambedkar Collection,1,74,good,public,social_justice,https://archive.org/details/in.ernet.dli.2015.278459
DOC_IA_hindswaraj_ambedkar_hindi_16,"Ambedkar (Hindi), Vol. 16",Dr. Babasheb Ambedkar,1950-01-26,publication,hi,IA,hindswaraj.ambedkar.hindi.16,Internet Archive Ambedkar Collection,1,21,good,public,social_justice,https://archive.org/details/hindswaraj.ambedkar.hindi.16
DOC_IA_tamil-nadu-law-llb-guides-or-b_6150ed56,Tamil Nadu Law LLB Guides or Books Part 1,Tamil Nadu Dr. Ambedkar Law University,2025-02-01,publication,en,IA,tamil-nadu-law-llb-guides-or-books-part-1,Internet Archive Ambedkar Collection,1,155,good,public,"constitutional, economics, labor",https://archive.org/details/tamil-nadu-law-llb-guides-or-books-part-1
DOC_IA_HindSwaraj-Ambedkar-03,"Ambedkar, Vol. 03",Dr. Babasheb Ambedkar,2003-01-01,publication,en,IA,HindSwaraj-Ambedkar-03,Internet Archive Ambedkar Collection,1,44,good,public,social_justice,https://archive.org/details/HindSwaraj-Ambedkar-03
DOC_IA_hindswaraj_ambedkar_hindi_4,"Ambedkar (Hindi), Vol. 4",Dr. Babasheb Ambedkar,1950-01-26,publication,hi,IA,hindswaraj.ambedkar.hindi.4,Internet Archive Ambedkar Collection,1,21,good,public,social_justice,https://archive.org/details/hindswaraj.ambedkar.hindi.4
DOC_IA_in_ernet_dli_2015_76596,Pakistan Or The Partition Of India,B R_ambedkar,1940-01-01,publication,en,IA,in.ernet.dli.2015.76596,Internet Archive Ambedkar Collection,1,62,good,public,social_justice,https://archive.org/details/in.ernet.dli.2015.76596
DOC_IA_hindswaraj_ambedkar_hindi_10,"Ambedkar (Hindi), Vol. 10",Dr. Babasheb Ambedkar,1950-01-26,publication,hi,IA,hindswaraj.ambedkar.hindi.10,Internet Archive Ambedkar Collection,1,21,good,public,social_justice,https://archive.org/details/hindswaraj.ambedkar.hindi.10
DOC_IA_hindswaraj_ambedkar_hindi_5,"Ambedkar (Hindi), Vol. 5",Dr. Babasheb Ambedkar,1950-01-26,publication,hi,IA,hindswaraj.ambedkar.hindi.5,Internet Archive Ambedkar Collection,1,21,good,public,social_justice,https://archive.org/details/hindswaraj.ambedkar.hindi.5
DOC_IA_hindswaraj_ambedkar_hindi_11,"Ambedkar (Hindi), Vol. 11",Dr. Babasheb Ambedkar,1950-01-26,publication,hi,IA,hindswaraj.ambedkar.hindi.11,Internet Archive Ambedkar Collection,1,21,good,public,social_justice,https://archive.org/details/hindswaraj.ambedkar.hindi.11
DOC_IA_hindswaraj_ambedkar_bengali_18,"Ambedkar (Bengali), Vol. 18",Dr. Babasheb Ambedkar,1950-01-26,publication,bn,IA,hindswaraj.ambedkar.bengali.18,Internet Archive Ambedkar Collection,1,21,good,public,social_justice,https://archive.org/details/hindswaraj.ambedkar.bengali.18
DOC_IA_hindswaraj_ambedkar_hindi_21,"Ambedkar (Hindi), Vol. 21",Dr. Babasheb Ambedkar,1950-01-26,publication,hi,IA,hindswaraj.ambedkar.hindi.21,Internet Archive Ambedkar Collection,1,21,good,public,social_justice,https://archive.org/details/hindswaraj.ambedkar.hindi.21
DOC_IA_hindswaraj_ambedkar_hindi_9,"Ambedkar (Hindi), Vol. 9",Dr. Babasheb Ambedkar,1950-01-26,publication,hi,IA,hindswaraj.ambedkar.hindi.9,Internet Archive Ambedkar Collection,1,21,good,public,social_justice,https://archive.org/details/hindswaraj.ambedkar.hindi.9
DOC_IA_hindswaraj_ambedkar_hindi_20,"Ambedkar (Hindi), Vol. 20",Dr. Babasheb Ambedkar,1950-01-26,publication,hi,IA,hindswaraj.ambedkar.hindi.20,Internet Archive Ambedkar Collection,1,21,good,public,social_justice,https://archive.org/details/hindswaraj.ambedkar.hindi.20
DOC_IA_mkbook2800mkga,"Ambedkar, Vol. 21",Dr. Babasheb Ambedkar,2006-01-01,publication,mr,IA,mkbook2800mkga,Internet Archive Ambedkar Collection,1,9,good,public,social_justice,https://archive.org/details/mkbook2800mkga
DOC_IA_in_ernet_dli_2015_84521,The Problem Of The Rupee Its Origin And Its Solution,Dr. Ambedkar. B. R,1923-01-01,publication,en,IA,in.ernet.dli.2015.84521,Internet Archive Ambedkar Collection,1,79,good,public,"economics, social_justice",https://archive.org/details/in.ernet.dli.2015.84521
DOC_IA_Dr_AmbedkarAndTheJewishPeople,Dr. AMBEDKAR AND THE JEWISH PEOPLE,Dr. Ambedkar,1950-01-26,publication,en,IA,Dr.AmbedkarAndTheJewishPeople,Internet Archive Ambedkar Collection,1,80,good,public,"constitutional, dalits, social_justice",https://archive.org/details/Dr.AmbedkarAndTheJewishPeople
DOC_IA_in_ernet_dli_2015_226158,What Congress And Gandhi Ji Have Done To The Untouchables,B. R. Ambedkar,1945-01-01,publication,en,IA,in.ernet.dli.2015.226158,Internet Archive Ambedkar Collection,1,65,good,public,social_justice,https://archive.org/details/in.ernet.dli.2015.226158
DOC_IA_hindswaraj_ambedkar_hindi_19,"Ambedkar (Hindi), Vol. 19",Dr. Babasheb Ambedkar,1950-01-26,publication,hi,IA,hindswaraj.ambedkar.hindi.19,Internet Archive Ambedkar Collection,1,21,good,public,social_justice,https://archive.org/details/hindswaraj.ambedkar.hindi.19
DOC_IA_HindSwaraj-Ambedkar-01,"Ambedkar, Vol. 01",Dr. Babasheb Ambedkar,2003-01-01,publication,en,IA,HindSwaraj-Ambedkar-01,Internet Archive Ambedkar Collection,1,44,good,public,social_justice,https://archive.org/details/HindSwaraj-Ambedkar-01
DOC_IA_hindswaraj_ambedkar_hindi_18,"Ambedkar (Hindi), Vol. 18",Dr. Babasheb Ambedkar,1950-01-26,publication,hi,IA,hindswaraj.ambedkar.hindi.18,Internet Archive Ambedkar Collection,1,21,good,public,social_justice,https://archive.org/details/hindswaraj.ambedkar.hindi.18
DOC_IA_in_ernet_dli_2015_233305,Dr. Babasaheb Ambedkar Writing Speeches Vol. 9,Dr. Babasaheb Ambedkar,1950-01-26,speech,en,IA,in.ernet.dli.2015.233305,Internet Archive Ambedkar Collection,1,82,good,public,social_justice,https://archive.org/details/in.ernet.dli.2015.233305
DOC_IA_HindSwaraj-Ambedkar-17-01,"Ambedkar, Vol. 17-01",Dr. Babasheb Ambedkar,2003-01-01,publication,en,IA,HindSwaraj-Ambedkar-17-01,Internet Archive Ambedkar Collection,1,46,good,public,social_justice,https://archive.org/details/HindSwaraj-Ambedkar-17-01
DOC_IA_hindswaraj_ambedkar_hindi_3,"Ambedkar (Hindi), Vol. 3",Dr. Babasheb Ambedkar,1950-01-26,publication,hi,IA,hindswaraj.ambedkar.hindi.3,Internet Archive Ambedkar Collection,1,21,good,public,social_justice,https://archive.org/details/hindswaraj.ambedkar.hindi.3
DOC_IA_in_ernet_dli_2015_31840,The Evolution Of Provincial Finance In British India,"Ambedkar, B. R.",1923-01-01,publication,en,IA,in.ernet.dli.2015.31840,Internet Archive Ambedkar Collection,1,94,good,public,"economics, social_justice",https://archive.org/details/in.ernet.dli.2015.31840
DOC_IA_hindswaraj_ambedkar_bengali_16,"Ambedkar (Bengali), Vol. 16",Dr. Babasheb Ambedkar,1950-01-26,publication,bn,IA,hindswaraj.ambedkar.bengali.16,Internet Archive Ambedkar Collection,1,21,good,public,social_justice,https://archive.org/details/hindswaraj.ambedkar.bengali.16
DOC_IA_dli_ernet_525344,Achhut Kaun Aur Kaise(1949),Ambedkar Bhimrao,1950-01-26,publication,hi,IA,dli.ernet.525344,Internet Archive Ambedkar Collection,1,37,good,public,social_justice,https://archive.org/details/dli.ernet.525344
DOC_IA_hindswaraj_ambedkar_gujarati_16,"Ambedkar (Gujarati), Vol. 16",Dr. Babasheb Ambedkar,1950-01-26,publication,gu,IA,hindswaraj.ambedkar.gujarati.16,Internet Archive Ambedkar Collection,1,21,good,public,social_justice,https://archive.org/details/hindswaraj.ambedkar.gujarati.16
DOC_IA_hindswaraj_ambedkar_gujarati_11,"Ambedkar (Gujarati), Vol. 11",Dr. Babasheb Ambedkar,1950-01-26,publication,gu,IA,hindswaraj.ambedkar.gujarati.11,Internet Archive Ambedkar Collection,1,21,good,public,social_justice,https://archive.org/details/hindswaraj.ambedkar.gujarati.11
DOC_IA_historyofindianc035426mbp,History_Of_Indian_Currency_And_Banking,B_R_Ambedkar,2005-01-01,publication,en,IA,historyofindianc035426mbp,Internet Archive Ambedkar Collection,1,21,good,public,social_justice,https://archive.org/details/historyofindianc035426mbp
DOC_IA_HindSwaraj-Ambedkar-16,"Ambedkar, Vol. 16",Dr. Babasheb Ambedkar,2003-01-01,publication,en,IA,HindSwaraj-Ambedkar-16,Internet Archive Ambedkar Collection,1,44,good,public,social_justice,https://archive.org/details/HindSwaraj-Ambedkar-16
DOC_IA_hindswaraj_ambedkar_bengali_12,"Ambedkar (Bengali), Vol. 12",Dr. Babasheb Ambedkar,1950-01-26,publication,bn,IA,hindswaraj.ambedkar.bengali.12,Internet Archive Ambedkar Collection,1,21,good,public,social_justice,https://archive.org/details/hindswaraj.ambedkar.bengali.12
DOC_IA_mkbook2700mkga,"Ambedkar, Vol. 20",Dr. Babasheb Ambedkar,2003-01-01,publication,mr,IA,mkbook2700mkga,Internet Archive Ambedkar Collection,1,21,good,public,social_justice,https://archive.org/details/mkbook2700mkga
DOC_IA_in_ernet_dli_2015_514118,Pakistan Or Partition Of India,"Ambedkar, B. R.",1945-01-01,publication,en,IA,in.ernet.dli.2015.514118,Internet Archive Ambedkar Collection,1,98,good,public,social_justice,https://archive.org/details/in.ernet.dli.2015.514118
DOC_IA_hindswaraj_ambedkar_tamil_21,"Ambedkar (Tamil), Vol. 21",Dr. Babasheb Ambedkar,1950-01-26,publication,ta,IA,hindswaraj.ambedkar.tamil.21,Internet Archive Ambedkar Collection,1,21,good,public,social_justice,https://archive.org/details/hindswaraj.ambedkar.tamil.21
DOC_IA_HindSwaraj-Ambedkar-10,"Ambedkar, Vol. 10",Dr. Babasheb Ambedkar,2003-01-01,publication,en,IA,HindSwaraj-Ambedkar-10,Internet Archive Ambedkar Collection,1,44,good,public,social_justice,https://archive.org/details/HindSwaraj-Ambedkar-10
DOC_IA_dli_ernet_7636,Dr. Babasaheb Ambedkar Writings and Speeches,"Dr. Babasaheb Ambedkar, Vasant Moon",1950-01-26,speech,en,IA,dli.ernet.7636,Internet Archive Ambedkar Collection,1,35,good,public,social_justice,https://archive.org/details/dli.ernet.7636
DOC_IA_in_ernet_dli_2015_127223,Who Were The Shudras,"Ambedkar,b.r.",1946-01-01,publication,en,IA,in.ernet.dli.2015.127223,Internet Archive Ambedkar Collection,1,64,good,public,social_justice,https://archive.org/details/in.ernet.dli.2015.127223
DOC_IA_dli_csl_5481,Thoughts on Pakistan,"Ambedkar, B. R.",1941-01-01,publication,en,IA,dli.csl.5481,Internet Archive Ambedkar Collection,1,9,good,public,social_justice,https://archive.org/details/dli.csl.5481
DOC_IA_ambedkarcastesinindia,"CASTES IN INDIA - THEIR MECHANISM, GENESIS AND DEVELOPMENT",B. R. AMBEDKAR,1950-01-26,publication,en,IA,ambedkarcastesinindia,Internet Archive Ambedkar Collection,1,12,good,public,social_justice,https://archive.org/details/ambedkarcastesinindia
DOC_IA_in_ernet_dli_2015_113789,History Of Indian Currency Amp Banking,"Ambedkar,b.r.",1947-01-01,publication,en,IA,in.ernet.dli.2015.113789,Internet Archive Ambedkar Collection,1,66,good,public,economics,https://archive.org/details/in.ernet.dli.2015.113789
DOC_IA_hindu-jati-ke-patan-ka-karan-ambedkar,Caste System | Hindu Jati Ke Patan Ka Karan by B R Ambedkar,Shri B R Ambedkar,1950-01-26,publication,hi,IA,hindu-jati-ke-patan-ka-karan-ambedkar,Internet Archive Ambedkar Collection,1,40,good,public,caste,https://archive.org/details/hindu-jati-ke-patan-ka-karan-ambedkar
DOC_IA_in_ernet_dli_2015_206568,States And Minorities What Are Their Rights And How To Secure Them In The Constitution Of Free India,Ambedkar B. R.,1947-01-01,publication,en,IA,in.ernet.dli.2015.206568,Internet Archive Ambedkar Collection,1,85,good,public,constitutional,https://archive.org/details/in.ernet.dli.2015.206568
DOC_IA_HindSwaraj-Ambedkar-04,"Ambedkar, Vol. 04",Dr. Babasheb Ambedkar,2003-01-01,publication,en,IA,HindSwaraj-Ambedkar-04,Internet Archive Ambedkar Collection,1,44,good,public,social_justice,https://archive.org/details/HindSwaraj-Ambedkar-04
DOC_IA_in_ernet_dli_2015_230991,Dr. Babasaheb Ambedkar Writing And Speeches Vol. 2,Dr. Babasaheb Ambedkar,1950-01-26,speech,en,IA,in.ernet.dli.2015.230991,Internet Archive Ambedkar Collection,1,88,good,public,caste,https://archive.org/details/in.ernet.dli.2015.230991
DOC_IA_in_ernet_dli_2015_83949,Federation Versus Freedom,"Ambedkar, B.r.",1939-01-01,publication,en,IA,in.ernet.dli.2015.83949,Internet Archive Ambedkar Collection,1,73,good,public,social_justice,https://archive.org/details/in.ernet.dli.2015.83949
DOC_IA_hindswaraj_ambedkar_bengali_23,"Ambedkar (Bengali), Vol. 23",Dr. Babasheb Ambedkar,1950-01-26,publication,bn,IA,hindswaraj.ambedkar.bengali.23,Internet Archive Ambedkar Collection,1,21,good,public,social_justice,https://archive.org/details/hindswaraj.ambedkar.bengali.23
DOC_IA_in_ernet_dli_2015_505233,Thoughts On Pakistan,Ambedkar B.r/,1941-01-01,publication,en,IA,in.ernet.dli.2015.505233,Internet Archive Ambedkar Collection,1,65,good,public,social_justice,https://archive.org/details/in.ernet.dli.2015.505233
DOC_IA_dli_csl_3381,Maharashtra State Gazetteers: Fauna,"V.C. Ambedkar, D.N. Mathew Birds, V.K. Chari, J.C. Daniel, B.F. Chhapgar, Kevalramani, C.V. Kulkarni, M.R. Ranade, N.T. Nadkarn, B.K. Tikader",1974-01-01,publication,en,IA,dli.csl.3381,Internet Archive Ambedkar Collection,1,15,good,public,social_justice,https://archive.org/details/dli.csl.3381
DOC_IA_bhagawan-buddha-aur-unaka-dham_a6203cd5,Bhagawan Buddha Aur Unaka Dhamma Upayogi Books,Baba Saheb Dr. Ambedkar,1950-01-26,publication,hi,IA,bhagawan-buddha-aur-unaka-dhamma-upayogi-books,Internet Archive Ambedkar Collection,1,4,good,public,buddhism,https://archive.org/details/bhagawan-buddha-aur-unaka-dhamma-upayogi-books
DOC_IA_HindSwaraj-Ambedkar-17-02,"Ambedkar, Vol. 17-02",Dr. Babasheb Ambedkar,2003-01-01,publication,en,IA,HindSwaraj-Ambedkar-17-02,Internet Archive Ambedkar Collection,1,46,good,public,social_justice,https://archive.org/details/HindSwaraj-Ambedkar-17-02
DOC_IA_in_ernet_dli_2015_7747,Dr. Babasaheb Ambedkar Writing And Speeches Vol.1,Dr.babasaheb Ambedkar,1950-01-26,speech,en,IA,in.ernet.dli.2015.7747,Internet Archive Ambedkar Collection,1,74,good,public,social_justice,https://archive.org/details/in.ernet.dli.2015.7747
DOC_IA_HindSwaraj-Ambedkar-05,"Ambedkar, Vol. 05",Dr. Babasheb Ambedkar,2003-01-01,publication,en,IA,HindSwaraj-Ambedkar-05,Internet Archive Ambedkar Collection,1,44,good,public,social_justice,https://archive.org/details/HindSwaraj-Ambedkar-05
DOC_IA_hindswaraj_ambedkar_bengali_11,"Ambedkar (Bengali), Vol. 11",Dr. Babasheb Ambedkar,1950-01-26,publication,bn,IA,hindswaraj.ambedkar.bengali.11,Internet Archive Ambedkar Collection,1,21,good,public,social_justice,https://archive.org/details/hindswaraj.ambedkar.bengali.11
DOC_IA_whatcongressgand00bram,What Congress and Gandhi have done to the Untouchables,B.R. Ambedkar,1946-01-01,publication,en,IA,whatcongressgand00bram,Internet Archive Ambedkar Collection,1,21,good,public,social_justice,https://archive.org/details/whatcongressgand00bram
DOC_IA_hindswaraj_ambedkar_gujarati_14,"Ambedkar (Gujarati), Vol. 14",Dr. Babasheb Ambedkar,1950-01-26,publication,gu,IA,hindswaraj.ambedkar.gujarati.14,Internet Archive Ambedkar Collection,1,21,good,public,social_justice,https://archive.org/details/hindswaraj.ambedkar.gujarati.14
DOC_IA_in_ernet_dli_2015_123341,History Of Indian Currency Amp Banking,"Ambedkar,b.r.",1947-01-01,publication,en,IA,in.ernet.dli.2015.123341,Internet Archive Ambedkar Collection,1,66,good,public,economics,https://archive.org/details/in.ernet.dli.2015.123341
DOC_IA_HindSwaraj-Ambedkar-07,"Ambedkar, Vol. 07",Dr. Babasheb Ambedkar,2003-01-01,publication,en,IA,HindSwaraj-Ambedkar-07,Internet Archive Ambedkar Collection,1,44,good,public,social_justice,https://archive.org/details/HindSwaraj-Ambedkar-07
DOC_IA_HindSwaraj-Ambedkar-02,"Ambedkar, Vol. 02",Dr. Babasheb Ambedkar,2003-01-01,publication,en,IA,HindSwaraj-Ambedkar-02,Internet Archive Ambedkar Collection,1,44,good,public,social_justice,https://archive.org/details/HindSwaraj-Ambedkar-02
DOC_IA_in_ernet_dli_2015_97535,The Essance Of Buddhism,B_r_ambedkar,1948-01-01,publication,en,IA,in.ernet.dli.2015.97535,Internet Archive Ambedkar Collection,1,56,good,public,social_justice,https://archive.org/details/in.ernet.dli.2015.97535
DOC_IA_dli_ernet_1802,Thoughts On Pakistan (1941),"Ambedkar, B. R.",1941-01-01,publication,en,IA,dli.ernet.1802,Internet Archive Ambedkar Collection,1,36,good,public,social_justice,https://archive.org/details/dli.ernet.1802
DOC_IA_collected-works-of-ambedkar,The Collected Works Of Dr. Babasaheb Ambedkar,"Dr. Ambedkar Foundation, Ministry of Social Justice & Empowerment Govt. of India",1950-01-26,publication,en,IA,collected-works-of-ambedkar,Internet Archive Ambedkar Collection,1,11,good,public,social_justice,https://archive.org/details/collected-works-of-ambedkar
DOC_IA_hindswaraj_ambedkar_gujarati_5,"Ambedkar (Gujarati), Vol. 5",Dr. Babasheb Ambedkar,1950-01-26,publication,gu,IA,hindswaraj.ambedkar.gujarati.5,Internet Archive Ambedkar Collection,1,21,good,public,social_justice,https://archive.org/details/hindswaraj.ambedkar.gujarati.5
DOC_IA_ambedkar-books-and-speeches-in-hindi,Dr. Babasaheb Ambedkar Writings and Speeches in Hindi,Dr. B.R Ambedkar,2020-08-15,speech,hi,IA,ambedkar-books-and-speeches-in-hindi,Internet Archive Ambedkar Collection,1,38,good,public,social_justice,https://archive.org/details/ambedkar-books-and-speeches-in-hindi
DOC_IA_HindSwaraj-Ambedkar-08,"Ambedkar, Vol. 08",Dr. Babasheb Ambedkar,2003-01-01,publication,en,IA,HindSwaraj-Ambedkar-08,Internet Archive Ambedkar Collection,1,44,good,public,social_justice,https://archive.org/details/HindSwaraj-Ambedkar-08
DOC_IA_in_ernet_dli_2015_33045,History Of Indian Currency And Banking,"Ambedkar, B. R.",1947-01-01,publication,en,IA,in.ernet.dli.2015.33045,Internet Archive Ambedkar Collection,1,79,good,public,"constitutional, economics, social_justice",https://archive.org/details/in.ernet.dli.2015.33045
DOC_IA_in_gov_ignca_7525,Untouchables,"Ambedkar, B.R.",1948-01-01,publication,en,IA,in.gov.ignca.7525,Internet Archive Ambedkar Collection,1,49,good,public,social_justice,https://archive.org/details/in.gov.ignca.7525
DOC_IA_HindSwaraj-Ambedkar-12,"Ambedkar, Vol. 12",Dr. Babasheb Ambedkar,2003-01-01,publication,en,IA,HindSwaraj-Ambedkar-12,Internet Archive Ambedkar Collection,1,44,good,public,social_justice,https://archive.org/details/HindSwaraj-Ambedkar-12
DOC_IA_HindSwaraj-Ambedkar-09,"Ambedkar, Vol. 09",Dr. Babasheb Ambedkar,2003-01-01,publication,en,IA,HindSwaraj-Ambedkar-09,Internet Archive Ambedkar Collection,1,44,good,public,social_justice,https://archive.org/details/HindSwaraj-Ambedkar-09
DOC_IA_coi_part_full,THE CONSTITUTION OF INDIA,DR. B.R. Ambedkar,1950-01-26,publication,en,IA,coi_part_full,Internet Archive Ambedkar Collection,1,4,good,public,constitutional,https://archive.org/details/coi_part_full
DOC_IA_HindSwaraj-Ambedkar-13,"Ambedkar, Vol. 13",Dr. Babasheb Ambedkar,2003-01-01,publication,en,IA,HindSwaraj-Ambedkar-13,Internet Archive Ambedkar Collection,1,44,good,public,social_justice,https://archive.org/details/HindSwaraj-Ambedkar-13
DOC_IA_PARI_dr-babasaheb-ambedkar-vol_ba0ff8ce,Dr. Babasaheb Ambedkar (Vol. 13): Speeches from the Constituent Assembly Debates,"Dr. Babasaheb Ambedkar, First edition compiled and edited by Vasant Moon, Second edition edited by Hari Narke",2014-01-01,speech,en,IA,PARI.dr-babasaheb-ambedkar-vol-13-speeches-from-the-constituent-assembly-debates,Internet Archive Ambedkar Collection,4,1423,good,public,"constitutional, dalits, democracy, rights, social_justice",https://archive.org/details/PARI.dr-babasaheb-ambedkar-vol-13-speeches-from-the-constituent-assembly-debates
DOC_IA_HindSwaraj-Ambedkar-14-02,"Ambedkar, Vol. 14-02",Dr. Babasheb Ambedkar,2003-01-01,publication,en,IA,HindSwaraj-Ambedkar-14-02,Internet Archive Ambedkar Collection,1,46,good,public,social_justice,https://archive.org/details/HindSwaraj-Ambedkar-14-02
DOC_IA_in_ernet_dli_2015_56797,Untouchables,"Ambedkar, B.r.",1948-01-01,publication,en,IA,in.ernet.dli.2015.56797,Internet Archive Ambedkar Collection,1,65,good,public,social_justice,https://archive.org/details/in.ernet.dli.2015.56797
DOC_IA_dli_ernet_7303,Dr. Babasaheb Ambedkar Vol. 11,"Dr. Babasaheb Ambedkar, Vasant Moon",1992-01-01,publication,en,IA,dli.ernet.7303,Internet Archive Ambedkar Collection,1,34,good,public,social_justice,https://archive.org/details/dli.ernet.7303
DOC_IA_in_ernet_dli_2015_76538,History Of Indian Currency And Banking,B_r_ambedkar,1947-01-01,publication,en,IA,in.ernet.dli.2015.76538,Internet Archive Ambedkar Collection,1,61,good,public,economics,https://archive.org/details/in.ernet.dli.2015.76538
DOC_IA_dli_csl_618,"Memoranda submitted by the local Governments and the Provintial Franchise Committee in reply to the Indian Franchise Committe eʼs questionnaires : Madras, Bombay, and the United Provinces","J. H. Kerr, Chairman, B. R. Ambedkar, Member, M. Aziz Ul Huque, Member, B. R. Bakhalb, Member, E. Bennett, Member, B. A. Butler, Member, C. Y. Chintamani, Member, E. Miller, Member, J. Mllner, Member, A. Ramaswami Mudalyar, Member, Mary Pickpoed, Member, K. Radhabai Subbarayan, Member, Sunder Singh Majithia, Member, S. B. Tambe, Member, Mohammad Yakub, Member, Zulfiqar Ali Khan, Member, T. C. S. Jayaratnam, Member, J. G. Laithwaite, Member",1933-01-01,publication,en,IA,dli.csl.618,Internet Archive Ambedkar Collection,1,15,good,public,social_justice,https://archive.org/details/dli.csl.618
DOC_IA_dli_csl_6909,Problem of the rupee: origin and its solution,"Ambedkar, B.R.",1923-01-01,publication,en,IA,dli.csl.6909,Internet Archive Ambedkar Collection,1,9,good,public,economics,https://archive.org/details/dli.csl.6909
DOC_IA_HindSwaraj-Ambedkar-11,"Ambedkar, Vol. 11",Dr. Babasheb Ambedkar,2003-01-01,publication,en,IA,HindSwaraj-Ambedkar-11,Internet Archive Ambedkar Collection,1,44,good,public,social_justice,https://archive.org/details/HindSwaraj-Ambedkar-11
DOC_IA_in_ernet_dli_2015_66066,Mr.gandhi And The Emancipatin Of The Untouchables,Ambedkar B.r,1910-01-01,publication,en,IA,in.ernet.dli.2015.66066,Internet Archive Ambedkar Collection,1,79,good,public,social_justice,https://archive.org/details/in.ernet.dli.2015.66066
DOC_IA_HindSwaraj-Ambedkar-15,"Ambedkar, Vol. 15",Dr. Babasheb Ambedkar,2003-01-01,publication,en,IA,HindSwaraj-Ambedkar-15,Internet Archive Ambedkar Collection,1,44,good,public,social_justice,https://archive.org/details/HindSwaraj-Ambedkar-15
DOC_IA_HindSwaraj-Ambedkar-06,"Ambedkar, Vol. 06",Dr. Babasheb Ambedkar,2003-01-01,publication,en,IA,HindSwaraj-Ambedkar-06,Internet Archive Ambedkar Collection,1,44,good,public,social_justice,https://archive.org/details/HindSwaraj-Ambedkar-06
DOC_IA_hindswaraj_ambedkar_bengali_13,"Ambedkar (Bengali), Vol. 13",Dr. Babasheb Ambedkar,1950-01-26,publication,bn,IA,hindswaraj.ambedkar.bengali.13,Internet Archive Ambedkar Collection,1,21,good,public,social_justice,https://archive.org/details/hindswaraj.ambedkar.bengali.13
DOC_IA_in_ernet_dli_2015_15135,Labour And Factory Legislation(1945),Ambedkar B. R.,1945-01-01,publication,en,IA,in.ernet.dli.2015.15135,Internet Archive Ambedkar Collection,1,70,good,public,"labor, social_justice",https://archive.org/details/in.ernet.dli.2015.15135
DOC_IA_dli_csl_6303,Evolution of Provincial Finance in British India : a Study in the Provincial Decentralization of Imperial Finance,"Ambedkar, B.R.",1925-01-01,publication,en,IA,dli.csl.6303,Internet Archive Ambedkar Collection,1,9,good,public,economics,https://archive.org/details/dli.csl.6303
DOC_IA_hindswaraj_ambedkar_tamil_37,"Ambedkar (Tamil), Vol. 37",Dr. Babasheb Ambedkar,1950-01-26,publication,ta,IA,hindswaraj.ambedkar.tamil.37,Internet Archive Ambedkar Collection,1,21,good,public,social_justice,https://archive.org/details/hindswaraj.ambedkar.tamil.37
DOC_IA_pakistan-or-partision-of-india_be1e6beb,પાકિસ્તાન અથવા હિંદના ભાગલા ડો. આંબેડકર Pakistan Or Partision Of India Dr. Ambedkar ( Gujarati),Dr. B. R. ambedkar.,2023-09-12,publication,gu,IA,pakistan-or-partision-of-india-dr.-ambedkar-gujarati,Internet Archive Ambedkar Collection,1,22,good,public,social_justice,https://archive.org/details/pakistan-or-partision-of-india-dr.-ambedkar-gujarati
DOC_IA_dli_ernet_7525,Dr. Babasaheb Ambedkar Vol. 13,"Dr. Babasaheb Ambedkar, Vbasant Moon",1994-01-01,publication,en,IA,dli.ernet.7525,Internet Archive Ambedkar Collection,1,34,good,public,social_justice,https://archive.org/details/dli.ernet.7525
DOC_IA_hindswaraj_ambedkar_bengali_21,"Ambedkar (Bengali), Vol. 21",Dr. Babasheb Ambedkar,1950-01-26,publication,bn,IA,hindswaraj.ambedkar.bengali.21,Internet Archive Ambedkar Collection,1,21,good,public,social_justice,https://archive.org/details/hindswaraj.ambedkar.bengali.21
DOC_IA_hindswaraj_ambedkar_tamil_8,"Ambedkar (Tamil), Vol. 8",Dr. Babasheb Ambedkar,1950-01-26,publication,ta,IA,hindswaraj.ambedkar.tamil.8,Internet Archive Ambedkar Collection,1,21,good,public,social_justice,https://archive.org/details/hindswaraj.ambedkar.tamil.8
DOC_IA_in_ernet_dli_2015_29613,History Of Indian Currency Amp Banking,Ambedkar B R,1947-01-01,publication,en,IA,in.ernet.dli.2015.29613,Internet Archive Ambedkar Collection,1,74,good,public,economics,https://archive.org/details/in.ernet.dli.2015.29613
DOC_IA_AnnihilationOfCaste-Munnurai1,ANNIHILATION OF CASTE - Munnurai1,"sridhar, ambedkar",1950-01-26,speech,en,IA,AnnihilationOfCaste-Munnurai1,Internet Archive Ambedkar Collection,1,5,good,public,caste,https://archive.org/details/AnnihilationOfCaste-Munnurai1
DOC_IA_dli_csl_4999,Untouchables; who were they and why they became untouchables?,"Ambedkar, B.R.",1948-01-01,publication,en,IA,dli.csl.4999,Internet Archive Ambedkar Collection,1,9,good,public,social_justice,https://archive.org/details/dli.csl.4999
DOC_IA_dli_ernet_522953,Who Were The Shudras(1946),B. R. Ambedkar,1946-01-01,publication,en,IA,dli.ernet.522953,Internet Archive Ambedkar Collection,1,37,good,public,social_justice,https://archive.org/details/dli.ernet.522953
DOC_IA_HindSwaraj-Ambedkar-14-01,"Ambedkar, Vol. 14-01",Dr. Babasheb Ambedkar,2003-01-01,publication,en,IA,HindSwaraj-Ambedkar-14-01,Internet Archive Ambedkar Collection,1,46,good,public,social_justice,https://archive.org/details/HindSwaraj-Ambedkar-14-01
DOC_IA_dli_csl_7774,What congress and Gandhi have done to the untouchables,"Ambedkar, B.R.",1945-01-01,publication,en,IA,dli.csl.7774,Internet Archive Ambedkar Collection,1,9,good,public,social_justice,https://archive.org/details/dli.csl.7774
DOC_IA_hindswaraj_ambedkar_gujarati_9,"Ambedkar (Gujarati), Vol. 9",Dr. Babasheb Ambedkar,1950-01-26,publication,gu,IA,hindswaraj.ambedkar.gujarati.9,Internet Archive Ambedkar Collection,1,21,good,public,social_justice,https://archive.org/details/hindswaraj.ambedkar.gujarati.9
DOC_IA_thoughts-on-linguistic-states,Thoughts on Linguistic States - Dr.B.R.Ambedkar,Dr. B.R. Ambedkar,1950-01-26,publication,en,IA,thoughts-on-linguistic-states,Internet Archive Ambedkar Collection,1,6,good,public,social_justice,https://archive.org/details/thoughts-on-linguistic-states
DOC_IA_Intro-annihilationOfCaste,INTRO-ANNIHILATION OF CASTE,"sridhar, ambedkar",1950-01-26,speech,en,IA,Intro-annihilationOfCaste,Internet Archive Ambedkar Collection,1,3,good,public,caste,https://archive.org/details/Intro-annihilationOfCaste
DOC_IA_PARI_dr-babasaheb-ambedkar-vol_bf8c14f0,"Dr. Babasaheb Ambedkar (Vol. 12): Notes on Law, Autobiography, and Miscellaneous Writings","Dr. Babasaheb Ambedkar, First edition compiled and edited by Vasant Moon, Second edition edited by Hari Narke",2014-01-01,publication,en,IA,PARI.dr-babasaheb-ambedkar-vol-12-notes-on-law-autobiography-and-miscellaneous-,Internet Archive Ambedkar Collection,3,1075,good,public,"caste, constitutional, dalits, democracy, economics, equality, rights, social_justice",https://archive.org/details/PARI.dr-babasaheb-ambedkar-vol-12-notes-on-law-autobiography-and-miscellaneous-
DOC_IA_dli_bengal_10689_8549,The Problem Of The Rupee,"Ambedkar, B.R",1923-01-01,publication,en,IA,dli.bengal.10689.8549,Internet Archive Ambedkar Collection,1,98,good,public,economics,https://archive.org/details/dli.bengal.10689.8549
DOC_IA_dli_ministry_17037,"Memoranda submitted by the local Governments and the Provincial Franchise Committee in reply to the Indian Franchise Committee’s questionnaires : Punjab, Bihar, Orissa, Central Provinces, Assam, North - West Frontier Provinces, Coorg and Ajmer - Merwara.","J. H. Kerr, Chairman; B. R. Ambedkar, Member; M. Aziz Ul Huque, Member; B. R. Bakhalb, Member; E. Bennett, Member; B. A. Butler, Member; C. Y. Chintamani, Member; E. Miller, Member; J. Mllner, Member; A. Ramaswami Mudalyar, Member; Mary Pickpoed, Member; K. Radhabai Subbarayan, Member; Sunder Singh Majithia, Member; S. B. Tambe, Member; Mohammad Yakub, Member; Zulfiqar Ali Khan, Member; T. C. S. Jayaratnam, Member; J. G. Laithwaite, Member",1932-01-01,publication,en,IA,dli.ministry.17037,Internet Archive Ambedkar Collection,1,21,good,public,social_justice,https://archive.org/details/dli.ministry.17037
DOC_IA_ambedkar-all-books-and-speeches,Dr. Babasaheb Ambedkar Writings and Speeches (English),Dr. B.R Ambedkar,2020-08-15,speech,en,IA,ambedkar-all-books-and-speeches,Internet Archive Ambedkar Collection,1,22,good,public,social_justice,https://archive.org/details/ambedkar-all-books-and-speeches
DOC_IA_AnnihilationOfCaste-Munnurai2,AnnihilationOfCaste-Munnurai2,"sridhar, ambedkar",1950-01-26,speech,en,IA,AnnihilationOfCaste-Munnurai2,Internet Archive Ambedkar Collection,1,1,good,public,social_justice,https://archive.org/details/AnnihilationOfCaste-Munnurai2
DOC_IA_hindswaraj_ambedkar_tamil_13,"Ambedkar (Tamil), Vol. 13",Dr. Babasheb Ambedkar,1950-01-26,publication,ta,IA,hindswaraj.ambedkar.tamil.13,Internet Archive Ambedkar Collection,1,21,good,public,social_justice,https://archive.org/details/hindswaraj.ambedkar.tamil.13
DOC_IA_the-untouchables-br-ambedkar-1,THE UNTOUCHABLES - ENGLISH - 1948,DR. B. R. AMBEDKAR,1950-01-26,publication,en,IA,the-untouchables-br-ambedkar-1,Internet Archive Ambedkar Collection,1,17,good,public,social_justice,https://archive.org/details/the-untouchables-br-ambedkar-1
DOC_IA_dli_ernet_448757,Arthasastra Paribhasha Kosh,Dr. Babasaheb Ambedkar,1987-01-01,publication,mr,IA,dli.ernet.448757,Internet Archive Ambedkar Collection,1,32,good,public,social_justice,https://archive.org/details/dli.ernet.448757
DOC_IA_hindswaraj_ambedkar_tamil_14,"Ambedkar (Tamil), Vol. 14",Dr. Babasheb Ambedkar,1950-01-26,publication,ta,IA,hindswaraj.ambedkar.tamil.14,Internet Archive Ambedkar Collection,1,21,good,public,social_justice,https://archive.org/details/hindswaraj.ambedkar.tamil.14
DOC_IA_hindswaraj_ambedkar_gujarati_4,"Ambedkar (Gujarati), Vol. 4",Dr. Babasheb Ambedkar,1950-01-26,publication,gu,IA,hindswaraj.ambedkar.gujarati.4,Internet Archive Ambedkar Collection,1,21,good,public,social_justice,https://archive.org/details/hindswaraj.ambedkar.gujarati.4
DOC_IA_thoughtsonpakist031360mbp,Thoughts On Pakistan,"Ambedkar,B.R.",1941-01-01,publication,en,IA,thoughtsonpakist031360mbp,Internet Archive Ambedkar Collection,1,21,good,public,social_justice,https://archive.org/details/thoughtsonpakist031360mbp
DOC_IA_hindswaraj_ambedkar_bengali_22,"Ambedkar (Bengali), Vol. 22",Dr. Babasheb Ambedkar,1950-01-26,publication,bn,IA,hindswaraj.ambedkar.bengali.22,Internet Archive Ambedkar Collection,1,21,good,public,social_justice,https://archive.org/details/hindswaraj.ambedkar.bengali.22
DOC_IA_dli_ministry_07150,Who were the Shudras : How they came to be the fourth Varna in the Indo-Aryan society,"Ambedkar, Bhimrao Ramji",1947-01-01,publication,en,IA,dli.ministry.07150,Internet Archive Ambedkar Collection,1,21,good,public,caste,https://archive.org/details/dli.ministry.07150
DOC_IA_dli_ministry_07133,What Congress and Gandhi have done to the untouchables,"Ambedkar, Bhimaro Ramji",1946-01-01,publication,en,IA,dli.ministry.07133,Internet Archive Ambedkar Collection,1,21,good,public,social_justice,https://archive.org/details/dli.ministry.07133
DOC_IA_hindswaraj_ambedkar_bengali_15,"Ambedkar (Bengali), Vol. 15",Dr. Babasheb Ambedkar,1950-01-26,publication,bn,IA,hindswaraj.ambedkar.bengali.15,Internet Archive Ambedkar Collection,1,21,good,public,social_justice,https://archive.org/details/hindswaraj.ambedkar.bengali.15
DOC_IA_inorganic-qualitative-analysis,Inorganic Qualitative Analysis,"Dr. Nandkishor G. Telkapalliwar, Department of Chemistry, Dr. Ambedkar College, Deekshabhoomi, Nagpur",2021-02-18,publication,en,IA,inorganic-qualitative-analysis,Internet Archive Ambedkar Collection,1,20,good,public,social_justice,https://archive.org/details/inorganic-qualitative-analysis
DOC_IA_hindswaraj_ambedkar_gujarati_3,"Ambedkar (Gujarati), Vol. 3",Dr. Babasheb Ambedkar,1950-01-26,publication,gu,IA,hindswaraj.ambedkar.gujarati.3,Internet Archive Ambedkar Collection,1,21,good,public,social_justice,https://archive.org/details/hindswaraj.ambedkar.gujarati.3
DOC_IA_riddles-in-hinduism-br-ambedka_96ad1471,Riddles In Hinduism BR Ambedkar Writings And Speeches Volume 04,B.R. Ambedkar,1987-01-01,speech,en,IA,riddles-in-hinduism-br-ambedkar-writings-and-speeches-volume-04,Internet Archive Ambedkar Collection,1,57,good,public,social_justice,https://archive.org/details/riddles-in-hinduism-br-ambedkar-writings-and-speeches-volume-04
DOC_IA_dli_csl_893,"Report of Joint Committee on Indian Constitutional Reform, Session 1933-34","Rao Bahadur, Member, V. T. Krishnama Chari, Member, Nawab Sir Liaqat Hyat Khan, Member, Nawab Sir Muhammad Akbar Hydari, Member, Mirza Muhammad Ismail, Member, Manubhai Nandshanker Mehta, Member, Prabhashankar Dalpatram Pattani, Member, Y. Thombare, Member, Aga Khan, Member, C. P. Ramaswami Aiyar, Member, B. R. Ambedkar, Member, Hubert Carr, Member, Member, A. H. Ghuznavi, Member, Henry Gidney, Member, Hari Singh Gour, Member, A. Rangaswami Iyengar, Member, M. R. Jayakar, Member, N. M. Joshi, Member, N. C. Kelkar, Member, Begum Shah Nawaz, Member, Rao Bahadur Sir A. P. Patro, Member, Abdur Rahim, Member, Tej Bahadur Sapru, Member, Phiroze Sethna, Member, Shafaʼat Ahmad Khan, Member, Sardar Bahadur Buta Singh, Member, Nripendra Nath Sircar, Member, Purshotamdas Thakurdas, Member, Zafrullah Khan, Member, Sra Shwe Ba, Member, C. H. Campagnac, Member, N. M. Cowasji, Member, U. Kyaw Din, Member, K. S. Harper, Member, U. Chit Hlaing, Member, U. Thein Maung, Member, Ba Maw, Member, U Ba Pe, Member, Ma Saw Sa, Member, U Shwe Tha, Member, S. A. S. Tyabji, Member",1937-01-01,publication,en,IA,dli.csl.893,Internet Archive Ambedkar Collection,1,15,good,public,social_justice,https://archive.org/details/dli.csl.893
DOC_IA_dli_ministry_07134,What Congress and Gandhi have done to the untouchables,"Ambedkar, Bhimaro Ramji",1945-01-01,publication,en,IA,dli.ministry.07134,Internet Archive Ambedkar Collection,1,21,good,public,social_justice,https://archive.org/details/dli.ministry.07134
DOC_IA_Dr_BabasahebAmbedkarWritingsAn_00ff4728,Dr. Babasaheb Ambedkar Writings and Speeches [pdfs] All Volumes,"Ministry of Social Justice & Empowerment, Govt. of India",1950-01-26,speech,en,IA,Dr.BabasahebAmbedkarWritingsAndSpeechespdfsAllVolumes,Internet Archive Ambedkar Collection,1,28,good,public,social_justice,https://archive.org/details/Dr.BabasahebAmbedkarWritingsAndSpeechespdfsAllVolumes
DOC_IA_B_R_Ambedkar-VyaktitvaAurKriti_ed6f55d6,B. R. AMBEDKAR - VYAKTITVA AUR KRITITAVYA - HINDI,DR. D. R. JATAV,1950-01-26,publication,en,IA,B.R.Ambedkar-VyaktitvaAurKrititavya-Hindi,Internet Archive Ambedkar Collection,1,9,good,public,social_justice,https://archive.org/details/B.R.Ambedkar-VyaktitvaAurKrititavya-Hindi
DOC_IA_worshipping-false-gods-ambedka_72ee8644,Worshipping False Gods Ambedkar And The Facts Which Have Been Erased Arun Shourie,Arun Shourie,1950-01-26,publication,en,IA,worshipping-false-gods-ambedkar-and-the-facts-which-have-been-erased-arun-shourie,Internet Archive Ambedkar Collection,1,14,good,public,social_justice,https://archive.org/details/worshipping-false-gods-ambedkar-and-the-facts-which-have-been-erased-arun-shourie
DOC_IA_volume-18-1-mar,abasaheb Ambedkar Writings And Speeches Marathi Volume 18 all parts,Government of Maharashtra,1950-01-26,speech,en,IA,volume-18-1-mar,Internet Archive Ambedkar Collection,1,21,good,public,social_justice,https://archive.org/details/volume-18-1-mar
DOC_IA_dli_bengal_10689_12635,DR. AMBEDKAR LIFE AND MISSION,"KEER, DHANANJAY",1954-01-01,publication,en,IA,dli.bengal.10689.12635,Internet Archive Ambedkar Collection,1,100,good,public,labor,https://archive.org/details/dli.bengal.10689.12635
DOC_IA_in_ernet_dli_2015_464294,Aur Babasaheb Ambedkar Ne Kaha Vol. 1,"Meshram, L. G. Ed.",1950-01-26,publication,hi,IA,in.ernet.dli.2015.464294,Internet Archive Ambedkar Collection,1,110,good,public,social_justice,https://archive.org/details/in.ernet.dli.2015.464294
DOC_IA_baws-marathi,Babasaheb Ambedkar Writings And Speeches Marathi,Government of Maharashtra,1950-01-26,speech,en,IA,baws-marathi,Internet Archive Ambedkar Collection,1,21,good,public,social_justice,https://archive.org/details/baws-marathi
DOC_IA_01-pratham-khanda-siddhartha-g_ac06387a,Bagvan Buddha Ani Tyancha Dhamma - Dr. Babasaheb Ambedkar,Dr. B.R. Ambedkar,1950-01-26,speech,mr,IA,01-pratham-khanda-siddhartha-gautam-bodhisatva-buddha-kase-zale-bhag-pahila-janm,Internet Archive Ambedkar Collection,1,9,good,public,buddhism,https://archive.org/details/01-pratham-khanda-siddhartha-gautam-bodhisatva-buddha-kase-zale-bhag-pahila-janm
DOC_IA_DoctorBabasaheAmbedkarRachanal_c4e60687,Doctor Babasahe Ambedkar Rachanalu-Prasangalu Samputa-12,Acharya Nayani Krishna Kumari,1996-01-01,publication,te,IA,DoctorBabasaheAmbedkarRachanaluPrasangaluSamputa12,Internet Archive Ambedkar Collection,1,15,good,public,social_justice,https://archive.org/details/DoctorBabasaheAmbedkarRachanaluPrasangaluSamputa12
DOC_IA_riddlesinhinduismofambedkarb_h_9ad540c4,Riddles In Hinduism Of Ambedkar B. Hindi Translation By Surendra Agyat,Yami Balan,1950-01-26,publication,en,IA,riddlesinhinduismofambedkarb.hinditranslationbysurendraagyat_973_x,Internet Archive Ambedkar Collection,1,11,good,public,social_justice,https://archive.org/details/riddlesinhinduismofambedkarb.hinditranslationbysurendraagyat_973_x
DOC_IA_04-prakaran-16-mazi-atmakatha-_a96975da,Mazi Atmakatha - Dr. Babasaheb Ambedkar,Dr. B.R. Ambedkar,1950-01-26,speech,mr,IA,04-prakaran-16-mazi-atmakatha-dr.-babasaheb-ambedkar,Internet Archive Ambedkar Collection,1,9,good,public,social_justice,https://archive.org/details/04-prakaran-16-mazi-atmakatha-dr.-babasaheb-ambedkar
DOC_IA_baws-tamil-all,Babasaheb Ambedkar Writings And Speeches Tamil,Government of Maharashtra,1950-01-26,speech,en,IA,baws-tamil-all,Internet Archive Ambedkar Collection,1,17,good,public,social_justice,https://archive.org/details/baws-tamil-all
DOC_IA_dr-ambedkar-life-and-mission-d_45b6b4f2,Dr Ambedkar : Life and Mission,Dhananjay Keer,1948-01-01,publication,en,IA,dr-ambedkar-life-and-mission-dhananjay-keer,Internet Archive Ambedkar Collection,1,5,good,public,social_justice,https://archive.org/details/dr-ambedkar-life-and-mission-dhananjay-keer
DOC_IA_telugu-all,Ambedkar Samputam,Dr. B.R. Ambedkar,1950-01-26,publication,en,IA,telugu-all,Internet Archive Ambedkar Collection,1,2,good,public,social_justice,https://archive.org/details/telugu-all
DOC_IA_10-bramhananni-shudranna-adhog_f6986839,Shudra Poorvi Kon Hote - Dr. Babasaheb Ambedkar,Dr. B.R. Ambedkar,1950-01-26,speech,mr,IA,10-bramhananni-shudranna-adhogatis-kase-nele,Internet Archive Ambedkar Collection,1,9,good,public,caste,https://archive.org/details/10-bramhananni-shudranna-adhogatis-kase-nele
DOC_IA_riddlesinhinduismambedkarb_r__912_s,Riddles In Hinduism Ambedkar B. R.,Suresha Dass,1950-01-26,publication,en,IA,riddlesinhinduismambedkarb.r._912_s,Internet Archive Ambedkar Collection,1,5,good,public,social_justice,https://archive.org/details/riddlesinhinduismambedkarb.r._912_s
DOC_IA_drbabasahemambed019379mbp,DR.BABASAHEM AMBEDKAR RACHANALU-PRASANGALU-SAMPUTAM-5,ACHARYA PERVARAM JAGANNADAM,1994-01-01,publication,te,IA,drbabasahemambed019379mbp,Internet Archive Ambedkar Collection,1,21,good,public,social_justice,https://archive.org/details/drbabasahemambed019379mbp
DOC_IA_DrBabasahemAmbedkarRachanaluPr_d4b5b624,Dr.Babasahem Ambedkar Rachanalu-Prasangalu-Samputam-11,Acharya Pervaram Jagannadam,1994-01-01,publication,te,IA,DrBabasahemAmbedkarRachanaluPrasangaluSamputam11,Internet Archive Ambedkar Collection,1,15,good,public,social_justice,https://archive.org/details/DrBabasahemAmbedkarRachanaluPrasangaluSamputam11
DOC_IA_DrBabasahemAmbedkarRachanaluPr_a8fb41f2,Dr.Babasahem Ambedkar Rachanalu-Prasangalu-Samputam-5,Acharya Pervaram Jagannadam,1994-01-01,publication,te,IA,DrBabasahemAmbedkarRachanaluPrasangaluSamputam5,Internet Archive Ambedkar Collection,1,15,good,public,social_justice,https://archive.org/details/DrBabasahemAmbedkarRachanaluPrasangaluSamputam5
DOC_IA_dr-ambedkar-works,Dr Ambedkar Works,Dr. B.R. Ambedkar,1950-01-26,publication,en,IA,dr-ambedkar-works,Internet Archive Ambedkar Collection,1,6,good,public,social_justice,https://archive.org/details/dr-ambedkar-works
DOC_IA_UnderstandingCaste-FromBuddhaT_eab1838e,UNDERSTANDING CASTE - FROM BUDDHA TO AMBEDKAR AND BEYOND,GAIL OMVEDT,1950-01-26,publication,en,IA,UnderstandingCaste-FromBuddhaToAmbedkarAndBeyond,Internet Archive Ambedkar Collection,1,3,good,public,"buddhism, caste",https://archive.org/details/UnderstandingCaste-FromBuddhaToAmbedkarAndBeyond
DOC_IA_DrBabasahemAmbedkarRachanaluPr_a5deff40,Dr.Babasahem Ambedkar Rachanalu-Prasangalu-Samputam-9,Acharya Pervaram Jagannadam,1994-01-01,publication,te,IA,DrBabasahemAmbedkarRachanaluPrasangaluSamputam9,Internet Archive Ambedkar Collection,1,15,good,public,social_justice,https://archive.org/details/DrBabasahemAmbedkarRachanaluPrasangaluSamputam9
DOC_IA_drbabashahebambe019382mbp,Dr.Babashaheb Ambedkar Rachanalu-Prasamgalu-Part-1,Dr.B.Vijayabharathi,1994-01-01,publication,te,IA,drbabashahebambe019382mbp,Internet Archive Ambedkar Collection,1,21,good,public,social_justice,https://archive.org/details/drbabashahebambe019382mbp
DOC_IA_dli_ernet_231852,Dr. Bhimrao Ambedkar His Life and Work,Shahare M.l,1988-01-01,publication,en,IA,dli.ernet.231852,Internet Archive Ambedkar Collection,1,32,good,public,social_justice,https://archive.org/details/dli.ernet.231852
DOC_IA_thedoctorandthesaintcasteracea_a2a156ee,"The Doctor And The Saint Caste, Race, And Annihilation Of Caste, The Debate Between B. R. Ambedkar And M. K. Gandhi By Arundhati Roy (z Lib.org)",Dr. B.R. Ambedkar,1950-01-26,debate,en,IA,thedoctorandthesaintcasteraceandannihilationofcastethedebatebetweenb.r.ambedkara,Internet Archive Ambedkar Collection,1,11,good,public,caste,https://archive.org/details/thedoctorandthesaintcasteraceandannihilationofcastethedebatebetweenb.r.ambedkara
DOC_IA_DrBabasahemAmbedkarRachanaluPr_5af6ccbd,Dr.Babasahem Ambedkar Rachanalu-Prasangalu-Samputam-4,Acharya Pervaram Jagannadam,1994-01-01,publication,te,IA,DrBabasahemAmbedkarRachanaluPrasangaluSamputam4,Internet Archive Ambedkar Collection,1,15,good,public,social_justice,https://archive.org/details/DrBabasahemAmbedkarRachanaluPrasangaluSamputam4
DOC_IA_DrBabasahemAmbedkarRachanaluPr_a30f77e7,Dr.Babasahem Ambedkar Rachanalu-Prasangalu-Samputam-8,Acharya Pervaram Jagannadam,1994-01-01,publication,te,IA,DrBabasahemAmbedkarRachanaluPrasangaluSamputam8,Internet Archive Ambedkar Collection,1,15,good,public,social_justice,https://archive.org/details/DrBabasahemAmbedkarRachanaluPrasangaluSamputam8
DOC_IA_drbabashahebambe019384mbp,DR.BABASHAHEB AMBEDKAR RACHANALU-PRASAMGALU-PART-3,DR.P.APADARAO,1994-01-01,publication,te,IA,drbabashahebambe019384mbp,Internet Archive Ambedkar Collection,1,21,good,public,social_justice,https://archive.org/details/drbabashahebambe019384mbp
DOC_IA_gandhi-aur-ambedkar-sahitya,Gandhi Aur Ambedkar Sahitya,Sarvahitkari,2021-05-04,publication,hi,IA,gandhi-aur-ambedkar-sahitya,Internet Archive Ambedkar Collection,1,4,good,public,social_justice,https://archive.org/details/gandhi-aur-ambedkar-sahitya
DOC_IA_oxford-india-paperbacks-bhimra_629bac08,( Oxford India Paperbacks) Bhimrao Ramji Ambedkar Valerian Rodrigues The Essential Writings Of B. R. Ambedkar Oxford University Press ( 2004),Dr. B.R. Ambedkar,1950-01-26,publication,en,IA,oxford-india-paperbacks-bhimrao-ramji-ambedkar-valerian-rodrigues-the-essential-,Internet Archive Ambedkar Collection,1,5,good,public,social_justice,https://archive.org/details/oxford-india-paperbacks-bhimrao-ramji-ambedkar-valerian-rodrigues-the-essential-
DOC_IA_ORGPdf,RSS Organiser lies on Ambedkar,Dr. B.R. Ambedkar,1950-01-26,publication,en,IA,ORGPdf,Internet Archive Ambedkar Collection,1,27,good,public,caste,https://archive.org/details/ORGPdf
DOC_IA_baws-telugu-all,Babasaheb Ambedkar Writings And Speeches Telugu,Government of Maharashtra,1950-01-26,speech,en,IA,baws-telugu-all,Internet Archive Ambedkar Collection,1,17,good,public,social_justice,https://archive.org/details/baws-telugu-all
DOC_IA_TheHistoricMeetingOfAmbedkarJi_ecb3520e,"The Historic Meeting Of Ambedkar, Jinnah And Periyar",K. V. Ramakrishna Rao,2002-01-01,publication,en,IA,TheHistoricMeetingOfAmbedkarJinnahAndPeriyar,Internet Archive Ambedkar Collection,1,38,good,public,social_justice,https://archive.org/details/TheHistoricMeetingOfAmbedkarJinnahAndPeriyar
DOC_IA_05-amhi-dharmantar-ka-karu-ichhito,Dr. Babasaheb Ambedkaranchi Gajaleli Bhashane - Dr. Babasaheb Ambedkar,Dr. B.R. Ambedkar,1950-01-26,speech,mr,IA,05-amhi-dharmantar-ka-karu-ichhito,Internet Archive Ambedkar Collection,1,9,good,public,social_justice,https://archive.org/details/05-amhi-dharmantar-ka-karu-ichhito
DOC_IA_CasteInIndiaByAmbedkarInMarathi,Castes In India By Dr. Babasaheb Ambedkar In Marathi,Sandeep Madhukar Sapkale,2016-08-03,publication,mr,IA,CasteInIndiaByAmbedkarInMarathi,Internet Archive Ambedkar Collection,1,47,good,public,social_justice,https://archive.org/details/CasteInIndiaByAmbedkarInMarathi
DOC_IA_ambedkar_and_commmunism,Ambedkar_and_Commmunism,freetamilebooks.com,2020-12-06,publication,ta,IA,ambedkar_and_commmunism,Internet Archive Ambedkar Collection,1,4,good,public,social_justice,https://archive.org/details/ambedkar_and_commmunism
DOC_IA_in_ernet_dli_2015_347974,Baba Saheb Doctor Ambedkar-smarika,"Suman, Ramdas",1969-01-01,publication,hi,IA,in.ernet.dli.2015.347974,Internet Archive Ambedkar Collection,1,72,good,public,social_justice,https://archive.org/details/in.ernet.dli.2015.347974
DOC_IA_bwb_P8-CLU-838,Bhimayana : incidents in the life of Bhimrao Ramji Ambedkar,Dr. B.R. Ambedkar,2011-01-01,publication,en,IA,bwb_P8-CLU-838,Internet Archive Ambedkar Collection,1,9,good,public,social_justice,https://archive.org/details/bwb_P8-CLU-838
DOC_IA_dli_MoI_films_109,Dr. BabaSaheb Ambedkar,"Ministry of Information, Films Division",1991-01-01,other,en,IA,dli.MoI.films.109,Internet Archive Ambedkar Collection,1,190,good,public,"caste, constitutional, dalits, democracy, social_justice",https://archive.org/details/dli.MoI.films.109
DOC_IA_doctorbabasaheam019365mbp,DOCTOR BABASAHE AMBEDKAR RACHANALU-PRASANGALU SAMPUTA-12,ACHARYA NAYANI KRISHNA KUMARI,1996-01-01,publication,te,IA,doctorbabasaheam019365mbp,Internet Archive Ambedkar Collection,1,21,good,public,social_justice,https://archive.org/details/doctorbabasaheam019365mbp
DOC_IA_scanned-document-48_20200913,Babasaheb Ambedkar,Dr. B.R. Ambedkar,1950-01-26,publication,en,IA,scanned-document-48_20200913,Internet Archive Ambedkar Collection,1,4,good,public,social_justice,https://archive.org/details/scanned-document-48_20200913
DOC_IA_sochara_fromuntouchablet0000zell,From untouchable to dalit - Essays on the Ambedkar Movement. 3rd edn.,"Zelliot, Eleanor",2001-01-01,publication,en,IA,sochara.fromuntouchablet0000zell,Internet Archive Ambedkar Collection,1,21,good,public,"dalits, social_justice",https://archive.org/details/sochara.fromuntouchablet0000zell
DOC_IA_drbabasahebambedkarbbcintervie_e434b34d,Dr Babasaheb Ambedkar BBC Interview 1955 Exposing M. K. Gandhi & Congress,BBC,1955-01-01,other,en,IA,drbabasahebambedkarbbcinterview1955exposingm.k.gandhi,Internet Archive Ambedkar Collection,1,62,good,public,social_justice,https://archive.org/details/drbabasahebambedkarbbcinterview1955exposingm.k.gandhi
DOC_IA_in_ernet_dli_2015_298993,Dalit Samaj O Ambedkar,"Ghosh, Atin",1960-01-01,publication,bn,IA,in.ernet.dli.2015.298993,Internet Archive Ambedkar Collection,1,95,good,public,"dalits, social_justice",https://archive.org/details/in.ernet.dli.2015.298993
DOC_IA_dalits-and-the-democratic-revo_672c9db0,Dalits and the Democratic Revolution - Dr Ambedkar and The Dalit Movement in Colonial India,Gail Omvedt,1950-01-26,publication,en,IA,dalits-and-the-democratic-revolution-dr-ambedkar-and-the-dalit-movement-in-colonial-india,Internet Archive Ambedkar Collection,1,21,good,public,"dalits, social_justice",https://archive.org/details/dalits-and-the-democratic-revolution-dr-ambedkar-and-the-dalit-movement-in-colonial-india
DOC_IA_20210827_20210827_1651,"Dr, B.R. Ambedkar",Dr. B.R. Ambedkar,1950-01-26,publication,bn,IA,20210827_20210827_1651,Internet Archive Ambedkar Collection,1,2,good,public,social_justice,https://archive.org/details/20210827_20210827_1651
DOC_IA_dli_MoI_BabasahebAmbedkar_Eng,Babasaheb Ambedkar,"Ministry of Information, Films Division",1981-01-01,other,en,IA,dli.MoI.BabasahebAmbedkar_Eng,Internet Archive Ambedkar Collection,1,187,good,public,"caste, constitutional, dalits, democracy, social_justice",https://archive.org/details/dli.MoI.BabasahebAmbedkar_Eng
DOC_IA_indigenousindiansagastyatoambe_1cbaf004,Indigenous Indians Agastya To Ambedkar Koenraad Elst,Radha Gopal,1950-01-26,publication,en,IA,indigenousindiansagastyatoambedkarkoenraadelst_202003_961_K,Internet Archive Ambedkar Collection,1,7,good,public,social_justice,https://archive.org/details/indigenousindiansagastyatoambedkarkoenraadelst_202003_961_K
DOC_IA_babasaheb_dr_ambedkar,babasaheb_dr_ambedkar,FreeTamilEbooks.com,2022-01-09,publication,ta,IA,babasaheb_dr_ambedkar,Internet Archive Ambedkar Collection,1,5,good,public,social_justice,https://archive.org/details/babasaheb_dr_ambedkar
DOC_IA_kla_kar_dr_-b-r-ambedkar,Dr. B R Ambedkar,Dr. B.R. Ambedkar,1950-01-26,publication,ka,IA,kla.kar.dr.-b-r-ambedkar,Internet Archive Ambedkar Collection,1,21,good,public,social_justice,https://archive.org/details/kla.kar.dr.-b-r-ambedkar
DOC_IA_DrBabaSahebAmbedkarRachanaluPr_63251dcf,Dr.Baba_Saheb_Ambedkar(Rachanalu_Prasangalu)_Vol_6,Dr. B.R. Ambedkar,2000-01-01,publication,te,IA,DrBabaSahebAmbedkarRachanaluPrasangaluVol6,Internet Archive Ambedkar Collection,1,21,good,public,social_justice,https://archive.org/details/DrBabaSahebAmbedkarRachanaluPrasangaluVol6
DOC_IA_pakistanorpartitionofindiaambe_8f7ec8a4,Pakistan Or Partition Of India Ambedkar B. R.,Sumitra Chaudhry,1950-01-26,publication,en,IA,pakistanorpartitionofindiaambedkarb.r._923_D,Internet Archive Ambedkar Collection,1,7,good,public,social_justice,https://archive.org/details/pakistanorpartitionofindiaambedkarb.r._923_D
DOC_IA_baws-bengali,Babasaheb Ambedkar Writings And Speeches Bengali available Vols,Government of Maharashtra,1950-01-26,speech,en,IA,baws-bengali,Internet Archive Ambedkar Collection,1,13,good,public,social_justice,https://archive.org/details/baws-bengali
DOC_IA_dli_csl_6522,Dr. Ambedkar: life and mission,"Keer, Dhananjay",1954-01-01,publication,en,IA,dli.csl.6522,Internet Archive Ambedkar Collection,1,9,good,public,social_justice,https://archive.org/details/dli.csl.6522
DOC_IA_drbabashahebambe019383mbp,Dr.Babashaheb Ambedkar Rachanalu-Prasamgalu-Part-3,Dr.P.Apadarao,1995-01-01,publication,te,IA,drbabashahebambe019383mbp,Internet Archive Ambedkar Collection,1,21,good,public,social_justice,https://archive.org/details/drbabashahebambe019383mbp
DOC_IA_jsTn_therigatha-ki-striyan-aur_990f9b21,Therigatha Ki Striyan Aur Dr. Ambedkar Of Dr. Dharmavir Vani Prakashan,Vani Prakashan,1950-01-26,publication,en,IA,jsTn_therigatha-ki-striyan-aur-dr.-ambedkar-of-dr.-dharmavir-vani-prakashan,Internet Archive Ambedkar Collection,1,12,good,public,social_justice,https://archive.org/details/jsTn_therigatha-ki-striyan-aur-dr.-ambedkar-of-dr.-dharmavir-vani-prakashan
DOC_IA_TheSelectedWorksOfDr_B_R_Ambedkar,The Selected Works Of Dr. B. R. Ambedkar,Dr. B.R. Ambedkar,1950-01-26,publication,en,IA,TheSelectedWorksOfDr.B.R.Ambedkar,Internet Archive Ambedkar Collection,1,7,good,public,social_justice,https://archive.org/details/TheSelectedWorksOfDr.B.R.Ambedkar
DOC_IA_drbabasahemambed019380mbp,DR.BABASAHEM AMBEDKAR RACHANALU-PRASANGALU-SAMPUTAM-8,ACHARYA PERVARAM JAGANNADAM,1994-01-01,publication,te,IA,drbabasahemambed019380mbp,Internet Archive Ambedkar Collection,1,21,good,public,social_justice,https://archive.org/details/drbabasahemambed019380mbp
DOC_IA_drbabasahemambed019378mbp,DR.BABASAHEM AMBEDKAR RACHANALU-PRASANGALU-SAMPUTAM-11,ACHARYA PERVARAM JAGANNADAM,1994-01-01,publication,te,IA,drbabasahemambed019378mbp,Internet Archive Ambedkar Collection,1,21,good,public,social_justice,https://archive.org/details/drbabasahemambed019378mbp
DOC_IA_017_Ambedkar_Bhavan_Blore_17_07_2010,017_Ambedkar_Bhavan_B'lore_17.07.2010,attablig,1950-01-26,speech,en,IA,017_Ambedkar_Bhavan_Blore_17.07.2010,Internet Archive Ambedkar Collection,1,3,good,public,social_justice,https://archive.org/details/017_Ambedkar_Bhavan_Blore_17.07.2010
DOC_IA_06-jatibhed-nirmulan-dr_-babas_6c248e2d,Jatibhed Nirmulan - Dr. Babasaheb Ambedkar,Dr. B.R. Ambedkar,1950-01-26,speech,mr,IA,06-jatibhed-nirmulan-dr.-babasaheb-ambedkar,Internet Archive Ambedkar Collection,1,9,good,public,social_justice,https://archive.org/details/06-jatibhed-nirmulan-dr.-babasaheb-ambedkar
DOC_IA_shudronkikhojambedkarb_r_prade_ed35ce1d,Shudron Ki Khoj Ambedkar B. R. Pradeep Algave,Roshni Ganesh,1950-01-26,publication,en,IA,shudronkikhojambedkarb.r.pradeepalgave_187_U,Internet Archive Ambedkar Collection,1,7,good,public,social_justice,https://archive.org/details/shudronkikhojambedkarb.r.pradeepalgave_187_U
DOC_IA_buddha-or-karl-marx-by-dr_-ambedkar,Buddha Or Karl Marx By Dr. Ambedkar,Dr. B.R. Ambedkar,1950-01-26,publication,en,IA,buddha-or-karl-marx-by-dr.-ambedkar,Internet Archive Ambedkar Collection,1,306,good,public,buddhism,https://archive.org/details/buddha-or-karl-marx-by-dr.-ambedkar
DOC_IA_dli_ernet_242906,Dr. Ambedkar A Critical Study,Kuber W. A,1950-01-26,publication,en,IA,dli.ernet.242906,Internet Archive Ambedkar Collection,1,38,good,public,social_justice,https://archive.org/details/dli.ernet.242906
DOC_IA_in_ernet_dli_2015_268964,Dr.bheemrav Ambedkar Ke Samajik Vicharon Ka Ek,Jaswant Nag,1950-01-26,publication,hi,IA,in.ernet.dli.2015.268964,Internet Archive Ambedkar Collection,1,63,good,public,social_justice,https://archive.org/details/in.ernet.dli.2015.268964
DOC_IA_drambedkarlifemi0000keer,Dr. Ambedkar : life and mission,"Keer, Dhananjay",2009-01-01,publication,en,IA,drambedkarlifemi0000keer,Internet Archive Ambedkar Collection,1,7,good,public,social_justice,https://archive.org/details/drambedkarlifemi0000keer
DOC_IA_1_20220725_20220725_1417,प्रभाकर धाकडे – Dr. Ambedkar Geete (Marathi) = डाॅ. बाबासाहेब आंबेडकरांना श्रद्धांजली,Dr. B.R. Ambedkar,1950-01-26,publication,mr,IA,1_20220725_20220725_1417,Internet Archive Ambedkar Collection,1,226,good,public,buddhism,https://archive.org/details/1_20220725_20220725_1417
DOC_IA_dli_MoI_DrBabasahebAmbedkar_Eng,Dr. Babasaheb Ambedkar,"Ministry of Information, Films Division",1991-01-01,other,en,IA,dli.MoI.DrBabasahebAmbedkar_Eng,Internet Archive Ambedkar Collection,1,107,good,public,"constitutional, democracy",https://archive.org/details/dli.MoI.DrBabasahebAmbedkar_Eng
DOC_IA_baba-ambedkar-aur-islam-hindi-book,baba-ambedkar-aur-islam-hindi-book,Dr. B.R. Ambedkar,1950-01-26,publication,hi,IA,baba-ambedkar-aur-islam-hindi-book,Internet Archive Ambedkar Collection,1,11,good,public,social_justice,https://archive.org/details/baba-ambedkar-aur-islam-hindi-book
DOC_IA_perma_cc_QDQ3-WC7Q,QDQ3-WC7Q: Mayawati Live From Ambedkar Nagar | अंबेडकर नगर स…,Dr. B.R. Ambedkar,2022-01-01,publication,en,IA,perma_cc_QDQ3-WC7Q,Internet Archive Ambedkar Collection,1,8,good,public,social_justice,https://archive.org/details/perma_cc_QDQ3-WC7Q
DOC_IA_castesinindiatheirmechanismgen_c3f3a223,"Castes In India Their Mechanism, Genesis And Development Ambedkar B. R. Patrika Publications",Oviya Dhingra,1950-01-26,publication,en,IA,castesinindiatheirmechanismgenesisanddevelopmentambedkarb.r.patrikapublications_879_s,Internet Archive Ambedkar Collection,1,12,good,public,social_justice,https://archive.org/details/castesinindiatheirmechanismgenesisanddevelopmentambedkarb.r.patrikapublications_879_s
DOC_IA_drbabasahemambed019381mbp,DR.BABASAHEM AMBEDKAR RACHANALU-PRASANGALU-SAMPUTAM-9,ACHARYA PERVARAM JAGANNADAM,1994-01-01,publication,te,IA,drbabasahemambed019381mbp,Internet Archive Ambedkar Collection,1,21,good,public,social_justice,https://archive.org/details/drbabasahemambed019381mbp
DOC_IA_drbabasahemambed019377mbp,DR.BABASAHEM AMBEDKAR RACHANALU-PRASANGALU-SAMPUTAM-4,ACHARYA PERVARAM JAGANNADAM,1994-01-01,publication,te,IA,drbabasahemambed019377mbp,Internet Archive Ambedkar Collection,1,21,good,public,social_justice,https://archive.org/details/drbabasahemambed019377mbp
DOC_IA_in_ernet_dli_2015_551013,Dr. Ambedkar Aur Dalit Andolan,Dharma Veer,1963-01-01,publication,en,IA,in.ernet.dli.2015.551013,Internet Archive Ambedkar Collection,1,71,good,public,"dalits, social_justice",https://archive.org/details/in.ernet.dli.2015.551013
DOC_IA_20210414_20210414_0052,DR. BABASAHEB AMBEDKAR WRITINGS AND SPEECHES VOL. 1,Government of Maharashtra,1950-01-26,speech,en,IA,20210414_20210414_0052,Internet Archive Ambedkar Collection,1,8,good,public,social_justice,https://archive.org/details/20210414_20210414_0052
DOC_IA_baws-guj-all,Babasaheb Ambedkar Writings & Speeches Gujarati,Dr. B.R. Ambedkar,1950-01-26,speech,en,IA,baws-guj-all,Internet Archive Ambedkar Collection,1,6,good,public,social_justice,https://archive.org/details/baws-guj-all
DOC_IA_khand-18-2-opt,Babasaheb Ambedkar Writings and Speeches Vol 18 Part II Marathi,Dr. B.R. Ambedkar,1950-01-26,speech,en,IA,khand-18-2-opt,Internet Archive Ambedkar Collection,1,10,good,public,social_justice,https://archive.org/details/khand-18-2-opt
DOC_IA_dli_ernet_554088,Dr.Baba Saheeb Ambedkar avara samagra barehagalu and bashanagalu Samputa-2,Dr. B.R. Ambedkar,1950-01-26,publication,en,IA,dli.ernet.554088,Internet Archive Ambedkar Collection,1,31,good,public,social_justice,https://archive.org/details/dli.ernet.554088
DOC_IA_KRI634Dr_BabaSahibAmbedkarUrdu_e5e15f5a,KRI 634 Dr. Baba Sahib Ambedkar Urdu Syed Shas Ghazi Aldeen,eGangotri,1950-01-26,publication,en,IA,KRI634Dr.BabaSahibAmbedkarUrduSyedShasGhaziAldeen,Internet Archive Ambedkar Collection,1,17,good,public,social_justice,https://archive.org/details/KRI634Dr.BabaSahibAmbedkarUrduSyedShasGhaziAldeen
DOC_IA_ambedkarcwcomplete,Ambedkar CW Complete,Dr. B.R. Ambedkar,1950-01-26,publication,en,IA,ambedkarcwcomplete,Internet Archive Ambedkar Collection,1,22,good,public,social_justice,https://archive.org/details/ambedkarcwcomplete
DOC_IA_SundeepsTalkFromDrAmbedkarFest_21eaa573,The Relevance and Legacy of Dr Ambedkar,Sundeep Grewal,2018-10-15,speech,en,IA,SundeepsTalkFromDrAmbedkarFestival15.10.18,Internet Archive Ambedkar Collection,1,42,good,public,social_justice,https://archive.org/details/SundeepsTalkFromDrAmbedkarFestival15.10.18
DOC_IA_in_ernet_dli_2015_448152,Dr. Babasahab Ambedkar,Muun Vasant,2000-01-01,publication,pa,IA,in.ernet.dli.2015.448152,Internet Archive Ambedkar Collection,1,73,good,public,social_justice,https://archive.org/details/in.ernet.dli.2015.448152
DOC_IA_ambedkar-towards-an-enlightened-india,Ambedkar - Towards an Enlightened India,Gail Omvedt,1950-01-26,publication,en,IA,ambedkar-towards-an-enlightened-india,Internet Archive Ambedkar Collection,1,21,good,public,social_justice,https://archive.org/details/ambedkar-towards-an-enlightened-india
DOC_IA_157RememberingTheFatherOfIndia_4fd2e23f,Remembering the Father of Indian Constitution - Dr. B R Ambedkar and his Role in Framing Indian Constitution,N. Srikanth,1950-01-26,publication,en,IA,157RememberingTheFatherOfIndianConstitutionDrBRAmbedkarAndHisRoleInFramingIndianConstitution_201809,Internet Archive Ambedkar Collection,1,336,good,public,"constitutional, rights, social_justice",https://archive.org/details/157RememberingTheFatherOfIndianConstitutionDrBRAmbedkarAndHisRoleInFramingIndianConstitution_201809
DOC_IA_baws-tamil-1-2,Dr. Babasaheb Ambedkar Vol. 1 and 2 Tamil,Dr. B.R. Ambedkar,1950-01-26,publication,en,IA,baws-tamil-1-2,Internet Archive Ambedkar Collection,1,5,good,public,social_justice,https://archive.org/details/baws-tamil-1-2
DOC_IA_ambedkar-unicode,Ambedkar Unicode,Sreelatha S - Translator,2022-09-18,publication,ml,IA,ambedkar-unicode,Internet Archive Ambedkar Collection,1,247,good,public,social_justice,https://archive.org/details/ambedkar-unicode
DOC_IA_dr_babasahebambedkaraaniislam,Dr. Babasaheb Ambedkar Aani Islam,R S Vidyarthi,2020-02-24,publication,mr,IA,dr.babasahebambedkaraaniislam,Internet Archive Ambedkar Collection,1,5,good,public,social_justice,https://archive.org/details/dr.babasahebambedkaraaniislam
DOC_IA_Ambedkar,Ambedkar,Sridhar,1950-01-26,speech,en,IA,Ambedkar,Internet Archive Ambedkar Collection,1,3,good,public,social_justice,https://archive.org/details/Ambedkar
DOC_IA_pakistanorthepartitionofindiaa_f05c71ad,Pakistan Or The Partition Of India Ambedkar B. R.,Dushyanta Bir,1950-01-26,publication,en,IA,pakistanorthepartitionofindiaambedkarb.r._967_i,Internet Archive Ambedkar Collection,1,8,good,public,social_justice,https://archive.org/details/pakistanorthepartitionofindiaambedkarb.r._967_i
DOC_IA_Dr_B_R_AmbedkarsSpeechInParliment,Dr. B. R. Ambedkar's Speech In Parliment,pdilip,2013-06-28,other,en,IA,Dr.B.R.AmbedkarsSpeechInParliment,Internet Archive Ambedkar Collection,1,23,good,public,constitutional,https://archive.org/details/Dr.B.R.AmbedkarsSpeechInParliment
DOC_IA_TheChamchaAge,The Chamcha Age,Kanshi Ram,1950-01-26,publication,en,IA,TheChamchaAge,Internet Archive Ambedkar Collection,1,43,good,public,social_justice,https://archive.org/details/TheChamchaAge
DOC_IA_05_20220926_202209,बाबासाहेब डॉ॰ अम्बेडकर सम्पूर्ण वाङ्मय,डॉ॰ बी॰ आर॰ अम्बेडकर,1993-01-01,publication,hi,IA,05_20220926_202209,Internet Archive Ambedkar Collection,1,21,good,public,social_justice,https://archive.org/details/05_20220926_202209
DOC_IA_AnandTeltumbdeArticles,Anand Teltumbde Articles,Anand Teltumbde,1950-01-26,publication,en,IA,AnandTeltumbdeArticles,Internet Archive Ambedkar Collection,1,5,good,public,social_justice,https://archive.org/details/AnandTeltumbdeArticles
DOC_IA_buddha-aur-unka-dhamma,"Buddha Aur Unka Dhamma , बुद्ध और उनका धम्म , भदन्त आनंद कौसल्यायन",Vimalakirti,1997-01-01,publication,hi,IA,buddha-aur-unka-dhamma,Internet Archive Ambedkar Collection,1,10,good,public,buddhism,https://archive.org/details/buddha-aur-unka-dhamma
DOC_IA_rangilagandhi_202002,Rangila Gandhi रंगीला गांधी,l. R. Bali. - एल आर बाली,2020-02-29,publication,hi,IA,rangilagandhi_202002,Internet Archive Ambedkar Collection,1,65,good,public,social_justice,https://archive.org/details/rangilagandhi_202002
DOC_IA_vandreyetil-aambedkari-bara-pa_c59e428c,Vandreyetil Aambedkari Bara Pakhadyancha Itihas,Suresh Dhotre,2010-01-01,publication,mr,IA,vandreyetil-aambedkari-bara-pakhadyancha-itihas,Internet Archive Ambedkar Collection,1,34,good,public,"dalits, social_justice",https://archive.org/details/vandreyetil-aambedkari-bara-pakhadyancha-itihas
DOC_IA_Entkolonisieren_3-Teile_ARTE-France_2019,Entkolonisieren • 3 Teile • ARTE France 2019,arte,2019-01-01,other,en,IA,Entkolonisieren_3-Teile_ARTE-France_2019,Internet Archive Ambedkar Collection,1,18,good,public,social_justice,https://archive.org/details/Entkolonisieren_3-Teile_ARTE-France_2019
DOC_IA_ManuSmritiByDrSurenderKumar,Manu Smriti By Dr Surender Kumar,Dr Vivek Arya on behalf of Delhi Arya Pratinidhi Sabha,1950-01-26,publication,en,IA,ManuSmritiByDrSurenderKumar,Internet Archive Ambedkar Collection,1,6,good,public,social_justice,https://archive.org/details/ManuSmritiByDrSurenderKumar
DOC_IA_shudra-kaun-the-awalokan-samik_767161d5,Shudra Kaun The: Awalokan Samiksha,Dr. Tribhuvan Singh,2019-01-01,publication,hi,IA,shudra-kaun-the-awalokan-samiksha-tribhuvan-singh-ocr,Internet Archive Ambedkar Collection,1,32,good,public,caste,https://archive.org/details/shudra-kaun-the-awalokan-samiksha-tribhuvan-singh-ocr
DOC_IA_ManuKaVirodhKyonWhyOpposeManuHindi,Manu Ka Virodh Kyon Why Oppose Manu Hindi,Dr Vivek Arya,1950-01-26,publication,en,IA,ManuKaVirodhKyonWhyOpposeManuHindi,Internet Archive Ambedkar Collection,1,59,good,public,caste,https://archive.org/details/ManuKaVirodhKyonWhyOpposeManuHindi
DOC_IA_PuppetsOfFaithTheoryOfCommunalStrife,"Puppets Of Faith Theory Of Communal Strife (A critical appraisal of Islamic faith, Indian polity ‘n more)",BS Murthy,2003-01-01,publication,en,IA,PuppetsOfFaithTheoryOfCommunalStrife,Internet Archive Ambedkar Collection,1,437,good,public,labor,https://archive.org/details/PuppetsOfFaithTheoryOfCommunalStrife
DOC_IA_hindu-rajya-balraj-madhok,हिंदुराज्य बलराज मधोक Hindu Rajya Balraj Madhok,Balraj Madhok,2020-12-09,publication,hi,IA,hindu-rajya-balraj-madhok,Internet Archive Ambedkar Collection,1,5,good,public,social_justice,https://archive.org/details/hindu-rajya-balraj-madhok
DOC_IA_propix_27786787671,Volume 2,Dr. B.R. Ambedkar,2016-06-23,publication,en,IA,propix.27786787671,Internet Archive Ambedkar Collection,1,15,good,public,social_justice,https://archive.org/details/propix.27786787671
DOC_IA_the-constitution-of-india-orig_b0555546,The Constitution Of India Original Calligraphed Draft,Prem Behari Narain Raizada,1949-11-26,publication,en,IA,the-constitution-of-india-original-calligraphed-draft,Internet Archive Ambedkar Collection,1,251,good,public,"constitutional, economics",https://archive.org/details/the-constitution-of-india-original-calligraphed-draft
DOC_IA_web_20201015,வட்டமேசை மாநாட்டில் டாக்டர் அம்பேத்கர்web,R.Pattabiraman,2020-01-01,publication,ta,IA,web_20201015,Internet Archive Ambedkar Collection,1,15,good,public,social_justice,https://archive.org/details/web_20201015
DOC_IA_VeechikaTeluguLiteraryEssays,Veechika ( Telugu Literary Essays) వీచిక -సాహిత్య విమర్శ వ్యాసాలు,Dr. Darla Venkateswara Rao,1950-01-26,publication,en,IA,VeechikaTeluguLiteraryEssays,Internet Archive Ambedkar Collection,1,34,good,public,"dalits, social_justice",https://archive.org/details/VeechikaTeluguLiteraryEssays
DOC_IA_buddhijibion-ka-shadajantra,Buddhijibion Ka Shadajantra,Rajiv Patel and Sanjay Kumar Singh,2022-08-28,publication,hi,IA,buddhijibion-ka-shadajantra,Internet Archive Ambedkar Collection,1,64,good,public,caste,https://archive.org/details/buddhijibion-ka-shadajantra
DOC_IA_DrDannyFisher,A People's Buddhism with Dr. Danny Fisher,Dr. Danny Fisher,1950-01-26,speech,en,IA,DrDannyFisher,Internet Archive Ambedkar Collection,1,15,good,public,"buddhism, social_justice",https://archive.org/details/DrDannyFisher
DOC_IA_JotiraoPhuleShetkaryacaAsud,Jotirao Phule: Shetkaryaca Asud,Jotirao Phule,1950-01-26,publication,en,IA,JotiraoPhuleShetkaryacaAsud,Internet Archive Ambedkar Collection,1,4,good,public,social_justice,https://archive.org/details/JotiraoPhuleShetkaryacaAsud
DOC_IA_tfsr-broadcast-20210425-an-ind_1b020813,An Indian Anarchist On Anti Caste Organizing,The Final Straw,2021-04-25,speech,en,IA,tfsr-broadcast-20210425-an-indian-anarchist-on-anti-caste-organizing,Internet Archive Ambedkar Collection,2,640,good,public,"caste, constitutional, dalits, equality, labor, social_justice",https://archive.org/details/tfsr-broadcast-20210425-an-indian-anarchist-on-anti-caste-organizing
DOC_IA_ManuDharmaSastraSociologicalHi_48568565,Manu Dharma Sastra Sociological & Historical Study Kewal Motwani,Dr Vivek Arya,1950-01-26,publication,en,IA,ManuDharmaSastraSociologicalHistoricalStudyKewalMotwani_201805,Internet Archive Ambedkar Collection,1,16,good,public,social_justice,https://archive.org/details/ManuDharmaSastraSociologicalHistoricalStudyKewalMotwani_201805
DOC_IA_RSSOrganiserLiesAboutAmbedkar_pdf,RSS Organiser Lies About Ambedkar.pdf,Dr. B.R. Ambedkar,1950-01-26,publication,en,IA,RSSOrganiserLiesAboutAmbedkar.pdf,Internet Archive Ambedkar Collection,1,3,good,public,social_justice,https://archive.org/details/RSSOrganiserLiesAboutAmbedkar.pdf
DOC_IA_1-converted,பாபாசாகேப் டாக்டர் அம்பேத்கர் 1 Converted,R.Pattabiraman,2021-01-01,publication,ta,IA,1-converted,Internet Archive Ambedkar Collection,1,14,good,public,social_justice,https://archive.org/details/1-converted
DOC_IA_khudiram-bose,Khudiram Bose,Dr.Manish Shrivastava,1950-01-26,publication,en,IA,khudiram-bose,Internet Archive Ambedkar Collection,2,650,good,public,social_justice,https://archive.org/details/khudiram-bose
DOC_IA_ambedkarsclosingspeechcadtamil_20191125,Ambedkar's Closing Speech CAD Tamil,Dr. B.R. Ambedkar,1950-01-26,speech,en,IA,ambedkarsclosingspeechcadtamil_20191125,Internet Archive Ambedkar Collection,1,8,good,public,constitutional,https://archive.org/details/ambedkarsclosingspeechcadtamil_20191125
DOC_IA_parveenkumarbattan_gmail_201701,आर्य समाज और ड़ा अम्बेडकर,Dr Kushaldev Shastri,1950-01-26,publication,hi,IA,parveenkumarbattan_gmail_201701,Internet Archive Ambedkar Collection,1,5,good,public,social_justice,https://archive.org/details/parveenkumarbattan_gmail_201701
DOC_IA_20230930_20230930_1819,बौद्ध धर्म का सार. Essence of Buddhism by P. Laxmi Narsu,Vimalakirti,1948-01-01,publication,hi,IA,20230930_20230930_1819,Internet Archive Ambedkar Collection,1,10,good,public,social_justice,https://archive.org/details/20230930_20230930_1819
DOC_IA_ranadegandhiandjinnah,Ranade Gandhi And Jinnah,Dr. B.R. Ambedkar,1950-01-26,publication,en,IA,ranadegandhiandjinnah,Internet Archive Ambedkar Collection,1,5,good,public,social_justice,https://archive.org/details/ranadegandhiandjinnah
DOC_IA_TheBusinessOfBuddhistAction,The Business of Buddhist Action,Anjali Chatterjee,2016-06-13,speech,en,IA,TheBusinessOfBuddhistAction,Internet Archive Ambedkar Collection,1,58,good,public,buddhism,https://archive.org/details/TheBusinessOfBuddhistAction
DOC_IA_worshipping-false-gods-arun-shourie,Worshipping False Gods Arun Shourie,Dr. B.R. Ambedkar,1950-01-26,publication,en,IA,worshipping-false-gods-arun-shourie,Internet Archive Ambedkar Collection,1,1,good,public,social_justice,https://archive.org/details/worshipping-false-gods-arun-shourie
DOC_IA_brahman-banam-brahmanvad,BRAHMAN BANAM BRAHMANVAD,Dr.Dharmakirti,2023-09-20,publication,hi,IA,brahman-banam-brahmanvad,Internet Archive Ambedkar Collection,1,26,good,public,social_justice,https://archive.org/details/brahman-banam-brahmanvad
DOC_IA_jati-kyon-nahi-jati,जाति क्यों नहीं जाती,Satya Shodhak Foundation,2005-01-01,publication,hi,IA,jati-kyon-nahi-jati,Internet Archive Ambedkar Collection,1,115,good,public,social_justice,https://archive.org/details/jati-kyon-nahi-jati
DOC_IA_DrAmbedkarsVisonandWesternIndi_ac9f3d4a,The Curse of Narcissus - Getting over Yourself!,Arthapriya,2017-10-15,speech,en,IA,DrAmbedkarsVisonandWesternIndividualismTheWesternCurseofNarcissus....GettingOverYourself,Internet Archive Ambedkar Collection,1,55,good,public,social_justice,https://archive.org/details/DrAmbedkarsVisonandWesternIndividualismTheWesternCurseofNarcissus....GettingOverYourself
DOC_IA_hinduunity1996,Hindu Unity,K.V. Paliwal,1996-01-01,publication,en,IA,hinduunity1996,Internet Archive Ambedkar Collection,1,43,good,public,social_justice,https://archive.org/details/hinduunity1996
DOC_IA_DrAmbedkarTriratnaNightTarahridaya,Triratna Sangha in India,Tarahridaya,2016-09-26,speech,en,IA,DrAmbedkarTriratnaNightTarahridaya,Internet Archive Ambedkar Collection,1,35,good,public,buddhism,https://archive.org/details/DrAmbedkarTriratnaNightTarahridaya
DOC_IA_MarxAmbedkar,Marx Ambedkar Manava Vimochana Drukpathalu,Anand Teltumbde,2016-01-01,publication,te,IA,MarxAmbedkar,Internet Archive Ambedkar Collection,1,12,good,public,social_justice,https://archive.org/details/MarxAmbedkar
DOC_IA_AnandRajAmbedkar,Anand Raj Ambedkar,Dr. B.R. Ambedkar,1950-01-26,publication,en,IA,AnandRajAmbedkar,Internet Archive Ambedkar Collection,1,8,good,public,social_justice,https://archive.org/details/AnandRajAmbedkar
DOC_IA_NastikMukhMudran,Nastik Mukh Mudran (Rare Book) - A Buddhist Reply to Ambedkarite Atheists,Dr. B.R. Ambedkar,1950-01-26,publication,en,IA,NastikMukhMudran,Internet Archive Ambedkar Collection,1,110,good,public,social_justice,https://archive.org/details/NastikMukhMudran
DOC_IA_telugu-dr-babasahab-ambedkar-vasant-moon,DR. BABASAHEB AMBEDKAR - TELUGU - NBT,VASANT MOON,1950-01-26,publication,te,IA,telugu-dr-babasahab-ambedkar-vasant-moon,Internet Archive Ambedkar Collection,1,11,good,public,social_justice,https://archive.org/details/telugu-dr-babasahab-ambedkar-vasant-moon
DOC_IA_AravindanNeelakandanSpeaksOnAm_16edcfb5,"Aravindan Neelakandan speaks on Ambedkar, Vedas, Manu and many",Marudhan,1950-01-26,speech,en,IA,AravindanNeelakandanSpeaksOnAmbedkarVedasManuAndMany,Internet Archive Ambedkar Collection,1,100,good,public,social_justice,https://archive.org/details/AravindanNeelakandanSpeaksOnAmbedkarVedasManuAndMany
DOC_IA_khand-19-opt,Babasaheb Ambedkar Writings and Speeches Vol 19 Marathi,Dr. B.R. Ambedkar,1950-01-26,speech,en,IA,khand-19-opt,Internet Archive Ambedkar Collection,1,8,good,public,social_justice,https://archive.org/details/khand-19-opt
DOC_IA_ambedkarsclosingspeechcadenglish_201911,Ambedkar's Closing Speech CAD English,Dr. B.R. Ambedkar,1950-01-26,speech,en,IA,ambedkarsclosingspeechcadenglish_201911,Internet Archive Ambedkar Collection,1,8,good,public,constitutional,https://archive.org/details/ambedkarsclosingspeechcadenglish_201911
DOC_IA_dli_pahar_3724,Buddhism in India after Dr. Ambedkar (1956-2002),"Ahir, D. C",2003-01-01,publication,en,IA,dli.pahar.3724,Internet Archive Ambedkar Collection,1,62,good,public,labor,https://archive.org/details/dli.pahar.3724
DOC_IA_JaibhimMhananyaAadhi,Jaibhim Mhananya Aadhi,Kabir Kala Manch,2013-04-14,speech,en,IA,JaibhimMhananyaAadhi,Internet Archive Ambedkar Collection,1,7,good,public,social_justice,https://archive.org/details/JaibhimMhananyaAadhi
DOC_IA_RareBBCInterviewofDrAmbedkar,Rare Interview of Dr Ambedkar on BBC,Dr. B.R. Ambedkar,1950-01-26,other,en,IA,RareBBCInterviewofDrAmbedkar,Internet Archive Ambedkar Collection,1,12,good,public,democracy,https://archive.org/details/RareBBCInterviewofDrAmbedkar
DOC_IA_dr_-babasaheb_-ambedkar_-2000__227d176f,Dr Babasaheb Ambedkar 2000 with english subtitles,Dr. B.R. Ambedkar,2000-01-01,other,en,IA,dr.-babasaheb.-ambedkar.-2000.-dvdrip.-mux-hard-eng,Internet Archive Ambedkar Collection,1,151,good,public,"constitutional, social_justice",https://archive.org/details/dr.-babasaheb.-ambedkar.-2000.-dvdrip.-mux-hard-eng
DOC_IA_hum-boudh-kyun-bane,Hum Boudh Kyun Bane,Dr.B.R.Ambedkar,2023-12-09,publication,hi,IA,hum-boudh-kyun-bane,Internet Archive Ambedkar Collection,1,20,good,public,social_justice,https://archive.org/details/hum-boudh-kyun-bane
DOC_IA_17-part-3,17 Part 3,Dr. B.R. Ambedkar,1950-01-26,publication,en,IA,17-part-3,Internet Archive Ambedkar Collection,1,7,good,public,social_justice,https://archive.org/details/17-part-3
DOC_IA_punjabi-dr-babasahab-ambedkar-_da82d4e0,DR. BABA SAHEB AMBEDKAR - PUNJABI - NBT,VASANT MOON,1950-01-26,publication,pa,IA,punjabi-dr-babasahab-ambedkar-vasant-moon,Internet Archive Ambedkar Collection,1,11,good,public,social_justice,https://archive.org/details/punjabi-dr-babasahab-ambedkar-vasant-moon
DOC_IA_in_ernet_dli_2015_76677,Ladies Of The Press,Ishbel_ross,1936-01-01,publication,en,IA,in.ernet.dli.2015.76677,Internet Archive Ambedkar Collection,1,59,good,public,social_justice,https://archive.org/details/in.ernet.dli.2015.76677
DOC_IA_in_ernet_dli_2015_76514,Shivaji The Founder Of Maratha Swaraj,C V Vaidya,1931-01-01,publication,en,IA,in.ernet.dli.2015.76514,Internet Archive Ambedkar Collection,1,63,good,public,social_justice,https://archive.org/details/in.ernet.dli.2015.76514
DOC_IA_in_ernet_dli_2015_76674,History Of Gingee And Its Rulers,Dr Rajah_sir_annamalai_chettiar,1943-01-01,publication,en,IA,in.ernet.dli.2015.76674,Internet Archive Ambedkar Collection,1,62,good,public,social_justice,https://archive.org/details/in.ernet.dli.2015.76674
DOC_IA_in_ernet_dli_2015_76644,Engels,K Marks,1946-01-01,publication,en,IA,in.ernet.dli.2015.76644,Internet Archive Ambedkar Collection,1,57,good,public,social_justice,https://archive.org/details/in.ernet.dli.2015.76644
DOC_IA_in_ernet_dli_2015_388695,డాక్టర్ బాబా సాహెబ్ అంబేద్కర్ రచనలు-ప్రసంగాలు రెండవ సంపుటం,"అంబేద్కర్(మూలం), పేర్వారం జగన్నాధం(సం.)",1995-01-01,publication,te,IA,in.ernet.dli.2015.388695,Internet Archive Ambedkar Collection,1,61,good,public,social_justice,https://archive.org/details/in.ernet.dli.2015.388695
DOC_IA_in_ernet_dli_2015_390056,డాక్టర్ బాబా సాహెబ్ అంబేత్కర్ రచనలు-ప్రసంగాలు-పన్నెండవ సంపుటి,"అంబేద్కర్(మూలం), నాయని కృష్ణకుమారి(సం.)",1996-01-01,publication,te,IA,in.ernet.dli.2015.390056,Internet Archive Ambedkar Collection,1,73,good,public,social_justice,https://archive.org/details/in.ernet.dli.2015.390056
DOC_IA_in_ernet_dli_2015_390063,"డా॥ బాబాసాహెబ్ రచనలు - ప్రసంగాలు సంపుటము-9 మొదటి భాగం:కాంగ్రెస్, గాంధీ అంటరానివారికి ఏం చేశారు? రెండవ భాగం:అస్పృశ్యుల విముక్తి-గాంధీ",పేర్వారం జగన్నాధం(సం.),1994-01-01,publication,te,IA,in.ernet.dli.2015.390063,Internet Archive Ambedkar Collection,1,69,good,public,social_justice,https://archive.org/details/in.ernet.dli.2015.390063
DOC_IA_in_ernet_dli_2015_448461,డాక్టర్ బి.ఆర్.అంబేద్కర్,"వసంతమూన్(మూలం), చాగంటి తులసి(అను.)",1995-01-01,publication,te,IA,in.ernet.dli.2015.448461,Internet Archive Ambedkar Collection,1,73,good,public,social_justice,https://archive.org/details/in.ernet.dli.2015.448461
DOC_IA_in_ernet_dli_2015_390058,డా॥ బాబాసాహెబ్ రచనలు - ప్రసంగాలు సంపుటము-4,పేర్వారం జగన్నాధం(సం.),1994-01-01,publication,te,IA,in.ernet.dli.2015.390058,Internet Archive Ambedkar Collection,1,69,good,public,social_justice,https://archive.org/details/in.ernet.dli.2015.390058
DOC_IA_in_ernet_dli_2015_76511,India Divided,Rajendra_prasad,1947-01-01,publication,en,IA,in.ernet.dli.2015.76511,Internet Archive Ambedkar Collection,1,57,good,public,social_justice,https://archive.org/details/in.ernet.dli.2015.76511
DOC_IA_in_ernet_dli_2015_76548,Bidar Its History And Monuments,Not Available,1944-01-01,publication,en,IA,in.ernet.dli.2015.76548,Internet Archive Ambedkar Collection,1,64,good,public,social_justice,https://archive.org/details/in.ernet.dli.2015.76548
DOC_IA_in_ernet_dli_2015_390059,డా॥ బాబాసాహెబ్ రచనలు - ప్రసంగాలు సంపుటము-11,పేర్వారం జగన్నాధం(సం.),1994-01-01,publication,te,IA,in.ernet.dli.2015.390059,Internet Archive Ambedkar Collection,1,69,good,public,social_justice,https://archive.org/details/in.ernet.dli.2015.390059
DOC_IA_in_ernet_dli_2015_76510,Ecnomic History Of Angient India,Santhosh_kumar,1944-01-01,publication,en,IA,in.ernet.dli.2015.76510,Internet Archive Ambedkar Collection,1,60,good,public,social_justice,https://archive.org/details/in.ernet.dli.2015.76510
DOC_IA_in_ernet_dli_2015_76607,Library Hand Book And Index,R_g_kande,1931-01-01,publication,en,IA,in.ernet.dli.2015.76607,Internet Archive Ambedkar Collection,1,60,good,public,social_justice,https://archive.org/details/in.ernet.dli.2015.76607
DOC_IA_in_ernet_dli_2015_76631,A History Of Pali Literature,Bimala_churn_law,1933-01-01,publication,en,IA,in.ernet.dli.2015.76631,Internet Archive Ambedkar Collection,1,61,good,public,social_justice,https://archive.org/details/in.ernet.dli.2015.76631
DOC_IA_in_ernet_dli_2015_76536,History Of Indian And Indonesian Art,K_coomaraswamy,1927-01-01,publication,en,IA,in.ernet.dli.2015.76536,Internet Archive Ambedkar Collection,1,61,good,public,social_justice,https://archive.org/details/in.ernet.dli.2015.76536
DOC_IA_in_ernet_dli_2015_76676,Sexual Life In Ancient India,Johann_jakob_meyer,1927-01-01,publication,en,IA,in.ernet.dli.2015.76676,Internet Archive Ambedkar Collection,1,60,good,public,social_justice,https://archive.org/details/in.ernet.dli.2015.76676
DOC_IA_in_ernet_dli_2015_76614,Sub Editing,F_j_mansfield,1946-01-01,publication,en,IA,in.ernet.dli.2015.76614,Internet Archive Ambedkar Collection,1,57,good,public,social_justice,https://archive.org/details/in.ernet.dli.2015.76614
DOC_IA_in_ernet_dli_2015_390062,డా॥ బాబాసాహెబ్ రచనలు - ప్రసంగాలు సంపుటము-8 పాకిస్తాన్ లేదా భారతదేశ విభజన,పేర్వారం జగన్నాధం(సం.),1994-01-01,publication,te,IA,in.ernet.dli.2015.390062,Internet Archive Ambedkar Collection,1,69,good,public,social_justice,https://archive.org/details/in.ernet.dli.2015.390062
DOC_IA_in_ernet_dli_2015_76648,Looking For Trouble,Virginia_cowles,1941-01-01,publication,en,IA,in.ernet.dli.2015.76648,Internet Archive Ambedkar Collection,1,58,good,public,social_justice,https://archive.org/details/in.ernet.dli.2015.76648
DOC_IA_in_ernet_dli_2015_76543,12316 The Way Of A Transgressor,Negley_farson,1935-01-01,publication,en,IA,in.ernet.dli.2015.76543,Internet Archive Ambedkar Collection,1,62,good,public,social_justice,https://archive.org/details/in.ernet.dli.2015.76543
DOC_IA_dli_MoI_BharatRatnaBabasaheb_Musical,Bharat Ratna Babasaheb ( Song ),"Ministry of Information, Films Division",2011-01-01,other,en,IA,dli.MoI.BharatRatnaBabasaheb_Musical,Internet Archive Ambedkar Collection,1,20,good,public,constitutional,https://archive.org/details/dli.MoI.BharatRatnaBabasaheb_Musical
DOC_IA_in_ernet_dli_2015_76533,A Short History Of Mercantilism,J W_horrocks,1925-01-01,publication,en,IA,in.ernet.dli.2015.76533,Internet Archive Ambedkar Collection,1,61,good,public,social_justice,https://archive.org/details/in.ernet.dli.2015.76533
DOC_IA_in_ernet_dli_2015_76519,The Eastern Frontier Of British India 1784 1826,Anil_chandra_banerjee,1943-01-01,publication,en,IA,in.ernet.dli.2015.76519,Internet Archive Ambedkar Collection,1,64,good,public,social_justice,https://archive.org/details/in.ernet.dli.2015.76519
DOC_IA_in_ernet_dli_2015_76629,A History Of The Guptas,R N Dandekar,1941-01-01,publication,en,IA,in.ernet.dli.2015.76629,Internet Archive Ambedkar Collection,1,80,good,public,social_justice,https://archive.org/details/in.ernet.dli.2015.76629
DOC_IA_in_ernet_dli_2015_101792,Ancient India,Upendra_nathball,1921-01-01,publication,en,IA,in.ernet.dli.2015.101792,Internet Archive Ambedkar Collection,1,57,good,public,social_justice,https://archive.org/details/in.ernet.dli.2015.101792
DOC_IA_in_ernet_dli_2015_76539,Physics For Entertaiment,Perelman,1936-01-01,publication,en,IA,in.ernet.dli.2015.76539,Internet Archive Ambedkar Collection,1,58,good,public,social_justice,https://archive.org/details/in.ernet.dli.2015.76539
DOC_IA_in_ernet_dli_2015_76508,Special Correspondent,Robert_bernays,1934-01-01,publication,en,IA,in.ernet.dli.2015.76508,Internet Archive Ambedkar Collection,1,57,good,public,social_justice,https://archive.org/details/in.ernet.dli.2015.76508
DOC_IA_in_ernet_dli_2015_551033,Balak Ambedkar,Dharma Veer,1990-01-01,publication,en,IA,in.ernet.dli.2015.551033,Internet Archive Ambedkar Collection,1,68,good,public,social_justice,https://archive.org/details/in.ernet.dli.2015.551033
DOC_IA_riddlesinhinduismambedkarb_r__144_s,Riddles In Hinduism Ambedkar B. R.,Krisha Panicker,1950-01-26,publication,en,IA,riddlesinhinduismambedkarb.r._144_s,Internet Archive Ambedkar Collection,1,5,good,public,social_justice,https://archive.org/details/riddlesinhinduismambedkarb.r._144_s
DOC_IA_in_ernet_dli_2015_76616,Motilal Gosh,Dutt_paramananda,1935-01-01,publication,en,IA,in.ernet.dli.2015.76616,Internet Archive Ambedkar Collection,1,57,good,public,social_justice,https://archive.org/details/in.ernet.dli.2015.76616
DOC_IA_in_ernet_dli_2015_76507,An Imperial History Of India,K P Jayaswal,1934-01-01,publication,en,IA,in.ernet.dli.2015.76507,Internet Archive Ambedkar Collection,1,64,good,public,social_justice,https://archive.org/details/in.ernet.dli.2015.76507
DOC_IA_in_ernet_dli_2015_76567,History Of The City Of Madras,C_s_srinivasachari,1939-01-01,publication,en,IA,in.ernet.dli.2015.76567,Internet Archive Ambedkar Collection,1,62,good,public,social_justice,https://archive.org/details/in.ernet.dli.2015.76567
DOC_IA_in_ernet_dli_2015_76630,A History Of Pali Literature,Bimala_churn_law,1933-01-01,publication,en,IA,in.ernet.dli.2015.76630,Internet Archive Ambedkar Collection,1,61,good,public,social_justice,https://archive.org/details/in.ernet.dli.2015.76630
DOC_IA_dli_ernet_554044,Dr.Baba Saheeb Ambedkar Samagra Barahagalu and Bhashanagalu Samputa-1,Dr. B.R. Ambedkar,1950-01-26,publication,en,IA,dli.ernet.554044,Internet Archive Ambedkar Collection,1,31,good,public,social_justice,https://archive.org/details/dli.ernet.554044
DOC_IA_in_ernet_dli_2015_76512,Towards Angkor,Quaritch_wales,1937-01-01,publication,en,IA,in.ernet.dli.2015.76512,Internet Archive Ambedkar Collection,1,58,good,public,social_justice,https://archive.org/details/in.ernet.dli.2015.76512
DOC_IA_in_ernet_dli_2015_76696,A History Of Hindi Literature,F_e_keay_,1933-01-01,publication,en,IA,in.ernet.dli.2015.76696,Internet Archive Ambedkar Collection,1,61,good,public,social_justice,https://archive.org/details/in.ernet.dli.2015.76696
DOC_IA_in_ernet_dli_2015_505174,Ambedkar B.r.,Govt Of India Press,1948-01-01,publication,en,IA,in.ernet.dli.2015.505174,Internet Archive Ambedkar Collection,1,73,good,public,constitutional,https://archive.org/details/in.ernet.dli.2015.505174
DOC_IA_dli_ernet_20172,Dr.babasaheb Ambedkar Writings and Speeches Vol 8,Vasant Moon,1990-01-01,speech,en,IA,dli.ernet.20172,Internet Archive Ambedkar Collection,1,34,good,public,social_justice,https://archive.org/details/dli.ernet.20172
DOC_IA_in_ernet_dli_2015_76632,The Home Of Aryas,Pandit_lachhmi_dhar_kalla,1930-01-01,publication,en,IA,in.ernet.dli.2015.76632,Internet Archive Ambedkar Collection,1,60,good,public,social_justice,https://archive.org/details/in.ernet.dli.2015.76632
DOC_IA_in_ernet_dli_2015_7333,Commodity Exchanges (1947),Salvi P.g.,1947-01-01,publication,en,IA,in.ernet.dli.2015.7333,Internet Archive Ambedkar Collection,1,71,good,public,social_justice,https://archive.org/details/in.ernet.dli.2015.7333
DOC_IA_in_ernet_dli_2015_76634,Asitic Papers,Dr_jivanji_jamshedji_modi,1929-01-01,publication,en,IA,in.ernet.dli.2015.76634,Internet Archive Ambedkar Collection,1,58,good,public,social_justice,https://archive.org/details/in.ernet.dli.2015.76634
DOC_IA_in_ernet_dli_2015_76618,Laws Of Menu Volume I,Bhagavan_das,1932-01-01,publication,en,IA,in.ernet.dli.2015.76618,Internet Archive Ambedkar Collection,1,60,good,public,social_justice,https://archive.org/details/in.ernet.dli.2015.76618
DOC_IA_in_ernet_dli_2015_76517,Revolutions And Dictatorships,Hank_kohn,1939-01-01,publication,en,IA,in.ernet.dli.2015.76517,Internet Archive Ambedkar Collection,1,58,good,public,social_justice,https://archive.org/details/in.ernet.dli.2015.76517
DOC_IA_in_ernet_dli_2015_76681,The Meaning Of A Liberal Education,Everett_dean_martin,1926-01-01,publication,en,IA,in.ernet.dli.2015.76681,Internet Archive Ambedkar Collection,1,61,good,public,social_justice,https://archive.org/details/in.ernet.dli.2015.76681
DOC_IA_in_ernet_dli_2015_76615,All Our To Morrows,Douglas_reed,1942-01-01,publication,en,IA,in.ernet.dli.2015.76615,Internet Archive Ambedkar Collection,1,59,good,public,social_justice,https://archive.org/details/in.ernet.dli.2015.76615
DOC_IA_in_ernet_dli_2015_76610,Five Stages Of Greek Religion,Gilbert_murray,1935-01-01,publication,en,IA,in.ernet.dli.2015.76610,Internet Archive Ambedkar Collection,1,60,good,public,social_justice,https://archive.org/details/in.ernet.dli.2015.76610
DOC_IA_in_ernet_dli_2015_390060,డా॥ బాబాసాహెబ్ రచనలు - ప్రసంగాలు సంపుటము-5,పేర్వారం జగన్నాధం(సం.),1994-01-01,publication,te,IA,in.ernet.dli.2015.390060,Internet Archive Ambedkar Collection,1,69,good,public,social_justice,https://archive.org/details/in.ernet.dli.2015.390060
DOC_IA_in_ernet_dli_2015_76611,Catalogue Of The Indian Collections,K_coomaraswamy,1930-01-01,publication,en,IA,in.ernet.dli.2015.76611,Internet Archive Ambedkar Collection,1,60,good,public,social_justice,https://archive.org/details/in.ernet.dli.2015.76611
DOC_IA_in_ernet_dli_2015_76569,South American Meditations,Hermann_keyserling,1932-01-01,publication,en,IA,in.ernet.dli.2015.76569,Internet Archive Ambedkar Collection,1,59,good,public,social_justice,https://archive.org/details/in.ernet.dli.2015.76569
DOC_IA_in_ernet_dli_2015_76595,British Strategy,Herbert_richmond,1941-01-01,publication,en,IA,in.ernet.dli.2015.76595,Internet Archive Ambedkar Collection,1,57,good,public,social_justice,https://archive.org/details/in.ernet.dli.2015.76595
DOC_IA_in_ernet_dli_2015_76609,Jesus Myth Or History,Archibald_robertson,1946-01-01,publication,en,IA,in.ernet.dli.2015.76609,Internet Archive Ambedkar Collection,1,59,good,public,social_justice,https://archive.org/details/in.ernet.dli.2015.76609
DOC_IA_in_ernet_dli_2015_76527,Mysore Gazetteer Volume Ii,C Hayavadana_rao,1930-01-01,publication,en,IA,in.ernet.dli.2015.76527,Internet Archive Ambedkar Collection,1,60,good,public,social_justice,https://archive.org/details/in.ernet.dli.2015.76527
DOC_IA_in_ernet_dli_2015_76545,Prophets Of The New India,Romain_rolland,1930-01-01,publication,en,IA,in.ernet.dli.2015.76545,Internet Archive Ambedkar Collection,1,61,good,public,social_justice,https://archive.org/details/in.ernet.dli.2015.76545
DOC_IA_in_ernet_dli_2015_76642,Annals Of The Delhi Badshahate,S_k_bhuyan,1947-01-01,publication,en,IA,in.ernet.dli.2015.76642,Internet Archive Ambedkar Collection,1,61,good,public,social_justice,https://archive.org/details/in.ernet.dli.2015.76642
DOC_IA_in_ernet_dli_2015_76619,Burmai,Ma_mya_sein,1943-01-01,publication,en,IA,in.ernet.dli.2015.76619,Internet Archive Ambedkar Collection,1,56,good,public,social_justice,https://archive.org/details/in.ernet.dli.2015.76619
DOC_IA_in_ernet_dli_2015_76620,A History Of Fine Art In India And Ceylon,Vincent_a_smith,1930-01-01,publication,en,IA,in.ernet.dli.2015.76620,Internet Archive Ambedkar Collection,1,64,good,public,social_justice,https://archive.org/details/in.ernet.dli.2015.76620
DOC_IA_in_ernet_dli_2015_76612,Catalouge Of The Indian Collections,K_coomaraswamy,1924-01-01,publication,en,IA,in.ernet.dli.2015.76612,Internet Archive Ambedkar Collection,1,60,good,public,social_justice,https://archive.org/details/in.ernet.dli.2015.76612
DOC_IA_in_ernet_dli_2015_217938,The Evolution Of Provincial Finance In British India,"Seligman, R.a",1925-01-01,publication,en,IA,in.ernet.dli.2015.217938,Internet Archive Ambedkar Collection,1,81,good,public,"economics, social_justice",https://archive.org/details/in.ernet.dli.2015.217938
DOC_IA_in_ernet_dli_2015_76628,Unhappy India,Lajpat Rai,1928-01-01,publication,en,IA,in.ernet.dli.2015.76628,Internet Archive Ambedkar Collection,1,69,good,public,social_justice,https://archive.org/details/in.ernet.dli.2015.76628
DOC_IA_dli_MoI_films_006550,Newsreel 1791,"Ministry of Information, Films Division",1983-01-01,other,en,IA,dli.MoI.films.006550,Internet Archive Ambedkar Collection,1,202,good,public,"constitutional, economics",https://archive.org/details/dli.MoI.films.006550
DOC_IA_in_ernet_dli_2015_76537,On Alexanders Track To The Indus,Sir_aurel_stein,1929-01-01,publication,en,IA,in.ernet.dli.2015.76537,Internet Archive Ambedkar Collection,1,61,good,public,social_justice,https://archive.org/details/in.ernet.dli.2015.76537
DOC_IA_whoweretheshudrasambedkarb_r__569_r,Who Were The Shudras Ambedkar B. R.,Rhea Gill,1950-01-26,publication,en,IA,whoweretheshudrasambedkarb.r._569_r,Internet Archive Ambedkar Collection,1,6,good,public,social_justice,https://archive.org/details/whoweretheshudrasambedkarb.r._569_r
DOC_IA_in_ernet_dli_2015_76707,The Indian Quarterly Register,Not Available,1926-01-01,publication,en,IA,in.ernet.dli.2015.76707,Internet Archive Ambedkar Collection,1,61,good,public,social_justice,https://archive.org/details/in.ernet.dli.2015.76707
DOC_IA_dli_MoI_films_006082,Newsreel 1683,"Ministry of Information, Films Division",1981-01-01,other,en,IA,dli.MoI.films.006082,Internet Archive Ambedkar Collection,1,201,good,public,economics,https://archive.org/details/dli.MoI.films.006082
DOC_IA_in_ernet_dli_2015_76608,The Invasion Of Britain,W_richmond,1941-01-01,publication,en,IA,in.ernet.dli.2015.76608,Internet Archive Ambedkar Collection,1,59,good,public,social_justice,https://archive.org/details/in.ernet.dli.2015.76608
DOC_IA_in_ernet_dli_2015_76606,The Stranga Death Of Liberal England,George_dangerfield,1936-01-01,publication,en,IA,in.ernet.dli.2015.76606,Internet Archive Ambedkar Collection,1,61,good,public,social_justice,https://archive.org/details/in.ernet.dli.2015.76606
DOC_IA_in_ernet_dli_2015_388128,డాక్టర్ బాబా సాహెబ్ అంబేత్కర్ రచనలు-ప్రసంగాలు-మొదటి సంపుటి,"అంబేద్కర్(మూలం), పేర్వారం జగన్నాధం(సం.)",1994-01-01,publication,te,IA,in.ernet.dli.2015.388128,Internet Archive Ambedkar Collection,1,61,good,public,social_justice,https://archive.org/details/in.ernet.dli.2015.388128
DOC_IA_in_ernet_dli_2015_76695,The Role Of British Strategy In The Great War,C_r_m_f_cruttwell,1936-01-01,publication,en,IA,in.ernet.dli.2015.76695,Internet Archive Ambedkar Collection,1,65,good,public,social_justice,https://archive.org/details/in.ernet.dli.2015.76695
DOC_IA_in_ernet_dli_2015_76544,12319 Battle Hymn Of China,Agnes_smedley,1944-01-01,publication,en,IA,in.ernet.dli.2015.76544,Internet Archive Ambedkar Collection,1,61,good,public,social_justice,https://archive.org/details/in.ernet.dli.2015.76544
DOC_IA_in_ernet_dli_2015_76693,History Of The Frontier Areas Bordering On Assam 1883 1941,Sir_robert_reid,1942-01-01,publication,en,IA,in.ernet.dli.2015.76693,Internet Archive Ambedkar Collection,1,66,good,public,social_justice,https://archive.org/details/in.ernet.dli.2015.76693
DOC_IA_in_ernet_dli_2015_206279,Constituent Assembly Of India Draft Constitution Of India,Government Of India Press New Delhi,1948-01-01,publication,en,IA,in.ernet.dli.2015.206279,Internet Archive Ambedkar Collection,1,73,good,public,constitutional,https://archive.org/details/in.ernet.dli.2015.206279
DOC_IA_in_ernet_dli_2015_76706,Hungry Bengal,T_k_dutt,1944-01-01,publication,en,IA,in.ernet.dli.2015.76706,Internet Archive Ambedkar Collection,1,58,good,public,social_justice,https://archive.org/details/in.ernet.dli.2015.76706
DOC_IA_annihilationofcasteambedkar_481_B,Annihilation Of Caste Ambedkar,Govinda Balakrishnan,1950-01-26,publication,en,IA,annihilationofcasteambedkar_481_B,Internet Archive Ambedkar Collection,1,5,good,public,caste,https://archive.org/details/annihilationofcasteambedkar_481_B
DOC_IA_in_ernet_dli_2015_76600,12258 The Three Paths,Annie_besant,1925-01-01,publication,en,IA,in.ernet.dli.2015.76600,Internet Archive Ambedkar Collection,1,59,good,public,social_justice,https://archive.org/details/in.ernet.dli.2015.76600
DOC_IA_in_ernet_dli_2015_76697,The Present State Of Gujarati Literature,Divan_bahadur_krishnalal_m_jhaveri,1934-01-01,publication,en,IA,in.ernet.dli.2015.76697,Internet Archive Ambedkar Collection,1,62,good,public,social_justice,https://archive.org/details/in.ernet.dli.2015.76697
DOC_IA_in_ernet_dli_2015_76566,The Heroic Age Of India,N_k_sidhanta,1929-01-01,publication,en,IA,in.ernet.dli.2015.76566,Internet Archive Ambedkar Collection,1,61,good,public,social_justice,https://archive.org/details/in.ernet.dli.2015.76566
DOC_IA_in_ernet_dli_2015_76605,The Times,Not Available,1932-01-01,publication,en,IA,in.ernet.dli.2015.76605,Internet Archive Ambedkar Collection,1,58,good,public,social_justice,https://archive.org/details/in.ernet.dli.2015.76605
DOC_IA_in_ernet_dli_2015_101793,Philosophy Of Brahmism,Sitanath_tattvabhushan,1906-01-01,publication,en,IA,in.ernet.dli.2015.101793,Internet Archive Ambedkar Collection,1,58,good,public,social_justice,https://archive.org/details/in.ernet.dli.2015.101793
DOC_IA_annihilationofcasteambedkar_145_c,Annihilation Of Caste Ambedkar,Surya Swamy,1950-01-26,publication,en,IA,annihilationofcasteambedkar_145_c,Internet Archive Ambedkar Collection,1,5,good,public,caste,https://archive.org/details/annihilationofcasteambedkar_145_c
DOC_IA_01MilindBaburaoUbale,DR. BABASAHEB AMBEDKAR'S APPROACH TO WOMEN'S EMPOWERMENT,International Education and Research Journal,2016-06-15,publication,en,IA,01MilindBaburaoUbale,Internet Archive Ambedkar Collection,1,152,good,public,"caste, constitutional, equality, social_justice",https://archive.org/details/01MilindBaburaoUbale
DOC_IA_MPhilThesisSecularismInIndia,MPhil Thesis Secularism In India,Domenic Marbaniang,2005-05-10,publication,en,IA,MPhilThesisSecularismInIndia,Internet Archive Ambedkar Collection,4,1220,good,public,"buddhism, constitutional, democracy, equality, rights, social_justice",https://archive.org/details/MPhilThesisSecularismInIndia
DOC_IA_Lecture13TalkBySriDevendraSwar_4cff7b19,Lecture 15 Talk by Sri Devendra Swarup Constitutional Framework and Structures of Governance in India: A Historical Perspective - Gandhijiâs role in the Independence struggle - Organized by CPS India,Devendra Swarup CPS,1950-01-26,speech,en,IA,Lecture13TalkBySriDevendraSwarupConstitutionalFrameworkAndStructures_641,Internet Archive Ambedkar Collection,17,5354,good,public,"buddhism, caste, constitutional, dalits, equality, labor, social_justice",https://archive.org/details/Lecture13TalkBySriDevendraSwarupConstitutionalFrameworkAndStructures_641
DOC_IA_Lecture16TalkBySriDevendraSwar_8a22f66d,Lecture 16 Talk by Sri Devendra Swarup Constitutional Framework and Structures of Governance in India: A Historical Perspective - Hind Swaraj vs. Parliamentary Democracy - Organized by CPS India,Devendra Swarup CPS,1950-01-26,speech,en,IA,Lecture16TalkBySriDevendraSwarupConstitutionalFrameworkAndStructures,Internet Archive Ambedkar Collection,14,4380,good,public,"caste, constitutional, democracy, social_justice",https://archive.org/details/Lecture16TalkBySriDevendraSwarupConstitutionalFrameworkAndStructures
DOC_IA_Address_to_the_Nation_on_the_e_b6eb00b4,64th Repulic Day of India: Indian President's address to the Nation on 25/01/2013 (Video),"National Informatics Centre (NIC), DIT, Government of India",2013-01-25,other,en,IA,Address_to_the_Nation_on_the_eve_of_64th_Republic_Day_of_India_Video,Internet Archive Ambedkar Collection,4,1334,good,public,"buddhism, caste, constitutional, equality, social_justice",https://archive.org/details/Address_to_the_Nation_on_the_eve_of_64th_Republic_Day_of_India_Video
DOC_IA_Lecture2Part2TalkBySriDevendra_8af2ee2e,Lecture 2 Part 2 Talk by Sri Devendra Swarup Constitutional Framework and Structures of Governance in India: A Historical Perspective - Formation of the Constituent Assembly and the making of the Constitution - Organized by CPS,Devendra Swarup CPS,1950-01-26,speech,en,IA,Lecture2Part2TalkBySriDevendraSwarupConstitutionalFrameworkAnd,Internet Archive Ambedkar Collection,10,3079,good,public,"buddhism, constitutional, democracy",https://archive.org/details/Lecture2Part2TalkBySriDevendraSwarupConstitutionalFrameworkAnd
DOC_IA_157RememberingTheFatherOfIndia_03c5217f,Remembering the Father of Indian Constitution - Dr. B R Ambedkar and his Role in Framing Indian Constitution,N. Srikanth,1950-01-26,publication,en,IA,157RememberingTheFatherOfIndianConstitutionDrBRAmbedkarAndHisRoleInFramingIndianConstitution,Internet Archive Ambedkar Collection,1,334,good,public,"constitutional, rights, social_justice",https://archive.org/details/157RememberingTheFatherOfIndianConstitutionDrBRAmbedkarAndHisRoleInFramingIndianConstitution
DOC_IA_Lecture2Part1TalkBySriDevendra_8fe72925,Lecture 2 Part 1 Talk by Sri Devendra Swarup Constitutional Framework and Structures of Governance in India: A Historical Perspective - Formation of the Constituent Assembly and the making of the Constitution - Organized by CPS,Devendra Swarup CPS,1950-01-26,speech,en,IA,Lecture2Part1TalkBySriDevendraSwarupConstitutionalFrameworkAnd,Internet Archive Ambedkar Collection,10,3079,good,public,"buddhism, constitutional, democracy",https://archive.org/details/Lecture2Part1TalkBySriDevendraSwarupConstitutionalFrameworkAnd
DOC_IA_Lecture17TalkByShriDevendraSwa_9f250417,Lecture 17 Talk by Shri Devendra Swarup Constitutional Framework and Structures of Governance in India: A Historical Perspective - Mahatma Gandhi - Parliamentary Politics & Constituent Assembly - Organized by CPS India,Devendra Swarup CPS,1950-01-26,speech,en,IA,Lecture17TalkByShriDevendraSwarupConstitutionalFrameworkAndStructures,Internet Archive Ambedkar Collection,11,3408,good,public,"constitutional, democracy, economics",https://archive.org/details/Lecture17TalkByShriDevendraSwarupConstitutionalFrameworkAndStructures
DOC_IA_Lecture3Part1TalkBySriDevendra_00bf7c75,Lecture 3 Part 1 Talk by Sri Devendra Swarup Constitutional Framework and Structures of Governance in India: A Historical Perspective - Constituent Assembly - Organized by CPS India,"Devendra Swarup, CPS",1950-01-26,speech,en,IA,Lecture3Part1TalkBySriDevendraSwarupConstitutionalFrameworkAnd,Internet Archive Ambedkar Collection,6,2020,good,public,"constitutional, democracy",https://archive.org/details/Lecture3Part1TalkBySriDevendraSwarupConstitutionalFrameworkAnd
DOC_IA_M_NajundaswamisSpeechInGKVKBangalore,M. Najundaswami's Speech In GKVK Bangalore,M. NANJUNDASWAMI,2013-04-17,speech,en,IA,M.NajundaswamisSpeechInGKVKBangalore,Internet Archive Ambedkar Collection,1,7,good,public,social_justice,https://archive.org/details/M.NajundaswamisSpeechInGKVKBangalore
DOC_IA_ambedkar-towards-an-enlightene_09309cb9,Ambedkar: Towards an Enlightened India,Dr. B.R. Ambedkar,1950-01-26,publication,en,IA,ambedkar-towards-an-enlightened-india-by-gail-omvedt,Internet Archive Ambedkar Collection,1,132,good,public,"constitutional, social_justice",https://archive.org/details/ambedkar-towards-an-enlightened-india-by-gail-omvedt
DOC_IA_Address_to_the_Nation_on_the_e_be17e06a,64th Repulic Day of India: Indian President's address to the Nation on 25/01/2013 (Audio),"National Informatics Centre (NIC), DIT, Government of India",2013-01-25,speech,en,IA,Address_to_the_Nation_on_the_eve_of_64th_Republic_Day_of_India,Internet Archive Ambedkar Collection,4,1334,good,public,"buddhism, caste, constitutional, equality, social_justice",https://archive.org/details/Address_to_the_Nation_on_the_eve_of_64th_Republic_Day_of_India
DOC_IA_dr-babasaheb-ambedkar-2000-ful_277c40dd,Dr Babasaheb Ambedkar ( 2000) Full Movie ( Hindi),Dr. B.R. Ambedkar,1950-01-26,other,en,IA,dr-babasaheb-ambedkar-2000-full-movie-hindi,Internet Archive Ambedkar Collection,1,101,good,public,"constitutional, social_justice",https://archive.org/details/dr-babasaheb-ambedkar-2000-full-movie-hindi
DOC_IA_oapen-20_500_12657-77182,The Return of the Buddha - Ancient Symbols for a New Nation,Dr. B.R. Ambedkar,2014-01-01,publication,en,IA,oapen-20.500.12657-77182,Internet Archive Ambedkar Collection,1,170,good,public,"buddhism, constitutional",https://archive.org/details/oapen-20.500.12657-77182
DOC_IA_dli_ministry_06488,"States and minorities, : what are their rights and how to secure them in the Constitution of Free India","Ambedkar, B. R.",1947-01-01,publication,en,IA,dli.ministry.06488,Internet Archive Ambedkar Collection,1,21,good,public,constitutional,https://archive.org/details/dli.ministry.06488
DOC_IA_PARI_dr-babasaheb-ambedkar-wri_96def53a,Dr. Babasaheb Ambedkar (Vol. 1): Annihilation of Caste and Other Writings,"Dr. Babasaheb Ambedkar, First edition compiled and edited by Vasant Moon",2014-01-01,publication,en,IA,PARI.dr-babasaheb-ambedkar-writings-and-speeches-vol-1,Internet Archive Ambedkar Collection,3,1001,good,public,"caste, constitutional, dalits, economics, social_justice",https://archive.org/details/PARI.dr-babasaheb-ambedkar-writings-and-speeches-vol-1
DOC_IA_indian-crab-mentality-quora,Criticism of the Indian Government (20241010),Anirban Chakraborty and Government of India,2024-08-11,publication,en,IA,indian-crab-mentality-quora,Internet Archive Ambedkar Collection,2,851,good,public,"constitutional, labor, social_justice",https://archive.org/details/indian-crab-mentality-quora
DOC_IA_in_gazette_tamilnadu_2017-05-3_f9825014,"Tamil Nadu, 2017-05-31, Ordinary, No. 22, Part IISection 2",Government of Tamil Nadu,2017-05-31,publication,en,IA,in.gazette.tamilnadu.2017-05-31.Ordinary_22_Part-II_Section-2,Internet Archive Ambedkar Collection,1,113,good,public,"constitutional, labor",https://archive.org/details/in.gazette.tamilnadu.2017-05-31.Ordinary_22_Part-II_Section-2
DOC_IA_doctor-babasaheb-ambedkar-jiba_20ea6bcd,ଡକ୍ଟର ବାବାସାହେବ ଆମ୍ବେଦକର – ଜୀବନୀ ଓ କୃତି,ଧନେଶ୍ୱର ସାହୁ,1950-01-26,publication,en,IA,doctor-babasaheb-ambedkar-jibani-o-kruti-2022,Internet Archive Ambedkar Collection,1,30,good,public,social_justice,https://archive.org/details/doctor-babasaheb-ambedkar-jibani-o-kruti-2022
DOC_IA_Lecture3Part2TalkBySriDevendra_6197f2e5,Lecture 3 Part 2 Talk by Sri Devendra Swarup Constitutional Framework and Structures of Governance in India: A Historical Perspective - Constituent Assembly - Organized by CPS India,"Devendra Swarup, CPS",1950-01-26,speech,en,IA,Lecture3Part2TalkBySriDevendraSwarupConstitutionalFrameworkAnd,Internet Archive Ambedkar Collection,6,2014,good,public,"constitutional, democracy",https://archive.org/details/Lecture3Part2TalkBySriDevendraSwarupConstitutionalFrameworkAnd
DOC_IA_211DesignAndAnalasysOfHelicalG_7928f10a,Dr B R Ambedkar as a Visionary Educationist,SK Habib,1950-01-26,publication,en,IA,211DesignAndAnalasysOfHelicalGearWithDifferentMaterialsByUsingProEAndAnsys_201810,Internet Archive Ambedkar Collection,1,239,good,public,"caste, constitutional, economics, equality, social_justice",https://archive.org/details/211DesignAndAnalasysOfHelicalGearWithDifferentMaterialsByUsingProEAndAnsys_201810
DOC_IA_157RememberingTheFatherOfIndia_e287a206,Remembering the Father of Indian Constitution - Dr. B R Ambedkar and his Role in Framing Indian Constitution,N. Srikanth,1950-01-26,publication,en,IA,157RememberingTheFatherOfIndianConstitutionDrBRAmbedkarAndHisRoleInFramingIndianConstitution_201808,Internet Archive Ambedkar Collection,1,336,good,public,"constitutional, rights, social_justice",https://archive.org/details/157RememberingTheFatherOfIndianConstitutionDrBRAmbedkarAndHisRoleInFramingIndianConstitution_201808
DOC_IA_210DrBRAmbedkarAsAVisionaryEducationist,Dr B R Ambedkar as a Visionary Educationist,SK Habib,1950-01-26,publication,en,IA,210DrBRAmbedkarAsAVisionaryEducationist,Internet Archive Ambedkar Collection,1,237,good,public,"caste, economics, equality, social_justice",https://archive.org/details/210DrBRAmbedkarAsAVisionaryEducationist
DOC_IA_52-56-dr-ambedkar-an-economist_ccbd13e7,DR. AMBEDKAR: AN ECONOMIST PAR EXCELLENCE,Dr. B.R. Ambedkar,1950-01-26,publication,en,IA,52-56-dr-ambedkar-an-economist-par-excellence,Internet Archive Ambedkar Collection,1,284,good,public,"constitutional, economics, labor",https://archive.org/details/52-56-dr-ambedkar-an-economist-par-excellence
DOC_IA_PARI_dr-babasaheb-ambedkar-vol_c67822cb,Dr. Babasaheb Ambedkar (Vol. 8): ‘Pakistan or the Partition of India’,"Dr. Babasaheb Ambedkar, First edition compiled and edited by Vasant Moon, Second edition edited by Hari Narke",2014-07-01,publication,en,IA,PARI.dr-babasaheb-ambedkar-vol-8-pakistan-or-the-partition-of-india,Internet Archive Ambedkar Collection,4,1205,good,public,"caste, constitutional, dalits, democracy, labor, social_justice",https://archive.org/details/PARI.dr-babasaheb-ambedkar-vol-8-pakistan-or-the-partition-of-india
DOC_IA_incongruitiesinindianconsitution,Incongruities In Indian Constitution,BS Murthy,2019-12-02,publication,en,IA,incongruitiesinindianconsitution,Internet Archive Ambedkar Collection,1,140,good,public,"caste, constitutional",https://archive.org/details/incongruitiesinindianconsitution
DOC_IA_BlueDiaryBandharanValoSeries,Blue Diary Bandharan Valo Series,Vishal Sonara,2017-07-14,publication,gu,IA,BlueDiaryBandharanValoSeries,Internet Archive Ambedkar Collection,1,11,good,public,social_justice,https://archive.org/details/BlueDiaryBandharanValoSeries
DOC_IA_the-law-of-manu-tamil-and-hindi,The Law Of Manu Tamil And Hindi,Dr. B.R. Ambedkar,1950-01-26,publication,en,IA,the-law-of-manu-tamil-and-hindi,Internet Archive Ambedkar Collection,1,39,good,public,"caste, constitutional",https://archive.org/details/the-law-of-manu-tamil-and-hindi
DOC_IA_dalit-as-deva-a-la-black-is-beautiful,Dalit As Deva À La Black Is Beautiful,Dr. B.R. Ambedkar,1950-01-26,publication,en,IA,dalit-as-deva-a-la-black-is-beautiful,Internet Archive Ambedkar Collection,1,161,good,public,"caste, constitutional, dalits, equality, social_justice",https://archive.org/details/dalit-as-deva-a-la-black-is-beautiful
DOC_IA_210DrBRAmbedkarAsAVisionaryEdu_4434334e,Dr B R Ambedkar as a Visionary Educationist,SK Habib,1950-01-26,publication,en,IA,210DrBRAmbedkarAsAVisionaryEducationist_201808,Internet Archive Ambedkar Collection,1,239,good,public,"caste, constitutional, economics, equality, social_justice",https://archive.org/details/210DrBRAmbedkarAsAVisionaryEducationist_201808
DOC_IA_babasaheb-my-life-with-dr-ambe_7ecfa156,Babasaheb My Life With Dr Ambedkar,Savita Ambedkar,1950-01-26,publication,en,IA,babasaheb-my-life-with-dr-ambedkar-by-savita-ambedkar,Internet Archive Ambedkar Collection,1,250,good,public,"buddhism, caste, constitutional, dalits, social_justice",https://archive.org/details/babasaheb-my-life-with-dr-ambedkar-by-savita-ambedkar
DOC_IA_PARI_dr-babasaheb-ambedkar-vol_5eefe1f4,Dr. Babasaheb Ambedkar (Vol. 15): Speeches as Law Minister and Member of Opposition (1947 to 1956),"Dr. Babasaheb Ambedkar, First edition compiled and edited by Vasant Moon, Second edition edited by Hari Narke",2014-01-01,speech,en,IA,PARI.dr-babasaheb-ambedkar-vol-15-speeches-as-law-minister-and-member-of-opposi,Internet Archive Ambedkar Collection,9,2767,good,public,"caste, constitutional, dalits, democracy, economics, equality, rights, social_justice",https://archive.org/details/PARI.dr-babasaheb-ambedkar-vol-15-speeches-as-law-minister-and-member-of-opposi
DOC_IA_in_gazette_tamilnadu_2012-12-1_4a32a91f,"Tamil Nadu, 2012-12-12, Ordinary, No. 48, Part II—Section 2",Government of Tamil Nadu,2012-12-12,publication,en,IA,in.gazette.tamilnadu.2012-12-12.Ordinary_48_Part-II_Section-2,Internet Archive Ambedkar Collection,1,165,good,public,"constitutional, labor",https://archive.org/details/in.gazette.tamilnadu.2012-12-12.Ordinary_48_Part-II_Section-2
DOC_IA_httpsierj_injournalindex_phpie_f5eb0185,DR. B. R. AMBEDKAR’S THOUGHTS ON HIGHER EDUCATION,Dr. Rajesh S. Chandanpat,2018-01-15,publication,en,IA,httpsierj.injournalindex.phpierjarticleview1461,Internet Archive Ambedkar Collection,1,258,good,public,"caste, constitutional, social_justice",https://archive.org/details/httpsierj.injournalindex.phpierjarticleview1461
DOC_IA_pakistan-a-slave-state_202507,Pakistan A Slave State,Roedad Khan,1950-01-26,publication,en,IA,pakistan-a-slave-state_202507,Internet Archive Ambedkar Collection,1,135,good,public,social_justice,https://archive.org/details/pakistan-a-slave-state_202507
DOC_IA_PARI_dr-babasaheb-ambedkar-vol_228c0677,"Dr. Babasaheb Ambedkar (Vol. 12): Notes on Law, Autobiography, and Miscellaneous Writings","Dr. Babasaheb Ambedkar, First edition compiled and edited by Vasant Moon, Second edition edited by Hari Narke",2014-01-01,publication,en,IA,PARI.dr-babasaheb-ambedkar-vol-12-notes-on-law-autobiography-and-miscellaneous-writings,Internet Archive Ambedkar Collection,3,1075,good,public,"caste, constitutional, dalits, democracy, economics, equality, rights, social_justice",https://archive.org/details/PARI.dr-babasaheb-ambedkar-vol-12-notes-on-law-autobiography-and-miscellaneous-writings
DOC_IA_PARI_dr-babasaheb-ambedkar-wri_6b6bee87,"Dr. Babasaheb Ambedkar (Vol. 2): Writings and Speeches from the Bombay Legislature, Simon Commission and Round Table Conferences","Dr. Babasaheb Ambedkar, First edition compiled and edited by Vasant Moon, Second edition edited by Hari Narke",2014-01-01,speech,en,IA,PARI.dr-babasaheb-ambedkar-writings-and-speeches-vol-2,Internet Archive Ambedkar Collection,2,801,good,public,"constitutional, dalits, democracy, labor, rights, social_justice",https://archive.org/details/PARI.dr-babasaheb-ambedkar-writings-and-speeches-vol-2
DOC_IA_annihilation-of-caste,Annihilation Of Caste,Dr. B.R. Ambedkar,1950-01-26,speech,en,IA,annihilation-of-caste,Internet Archive Ambedkar Collection,1,195,good,public,"caste, constitutional, dalits, equality, social_justice",https://archive.org/details/annihilation-of-caste
DOC_IA_httpswww_ijtsrd_comhumanities-_99884223,Ambedkar and his Contribution to Society,Dr. Anita Sharma,1950-01-26,publication,en,IA,httpswww.ijtsrd.comhumanities-and-the-artspolitical-science50639ambedkar-and-his,Internet Archive Ambedkar Collection,1,241,good,public,"constitutional, dalits, social_justice",https://archive.org/details/httpswww.ijtsrd.comhumanities-and-the-artspolitical-science50639ambedkar-and-his
DOC_IA_PARI_dr-babasaheb-ambedkar-vol_0d258c39,Dr. Babasaheb Ambedkar (Vol. 14 Part-I): General Discussions on the Hindu Code Bill,"Dr. Babasaheb Ambedkar, First edition compiled and edited by Vasant Moon, Second edition edited by Hari Narke",2014-01-01,publication,en,IA,PARI.dr-babasaheb-ambedkar-vol-14-part-i-general-discussions-on-the-hindu-code-,Internet Archive Ambedkar Collection,3,1062,good,public,"buddhism, caste, constitutional, dalits, equality, labor, social_justice",https://archive.org/details/PARI.dr-babasaheb-ambedkar-vol-14-part-i-general-discussions-on-the-hindu-code-
DOC_IA_httpsierj_injournalindex_phpie_a502969f,INTEGRATED DEVELOPMENT OF STUDENTS -THE TELANGANA SCHEDULED CASTES DEVELOPMENT DEPARTMENT,Bollam Karunakar,2020-02-15,publication,en,IA,httpsierj.injournalindex.phpierjarticleview1953,Internet Archive Ambedkar Collection,1,218,good,public,"caste, constitutional, dalits",https://archive.org/details/httpsierj.injournalindex.phpierjarticleview1953
DOC_IA_PARI_dr-babasaheb-ambedkar-vol_17d9cb3c,Dr. Babasaheb Ambedkar (Vol. 14 Part-II): Clause by Clause Discussions on the Hindu Code Bill,"Dr. Babasaheb Ambedkar, First edition compiled and edited by Vasant Moon, Second edition edited by Hari Narke",2014-01-01,publication,en,IA,PARI.dr-babasaheb-ambedkar-vol-14-part-ii-clause-by-clause-discussions-on-the-hindu-code-bill,Internet Archive Ambedkar Collection,3,1020,good,public,"buddhism, caste, constitutional, dalits, democracy, equality, rights, social_justice",https://archive.org/details/PARI.dr-babasaheb-ambedkar-vol-14-part-ii-clause-by-clause-discussions-on-the-hindu-code-bill
DOC_IA_PARI_dr-babasaheb-ambedkar-vol_09df6d80,Dr. Babasaheb Ambedkar (Vol. 14 Part-II): Clause by Clause Discussions on the Hindu Code Bill,"Dr. Babasaheb Ambedkar, First edition compiled and edited by Vasant Moon, Second edition edited by Hari Narke",2014-01-01,publication,en,IA,PARI.dr-babasaheb-ambedkar-vol-14-part-ii-clause-by-clause-discussions-on-the-h,Internet Archive Ambedkar Collection,3,1020,good,public,"buddhism, caste, constitutional, dalits, democracy, equality, rights, social_justice",https://archive.org/details/PARI.dr-babasaheb-ambedkar-vol-14-part-ii-clause-by-clause-discussions-on-the-h
DOC_IA_baba-saheb-ambedkar-2002,ବାବା ସାହେବ ଆମ୍ବେଦକର,କୃତ୍ତିବାସ ନାୟକ,1950-01-26,publication,en,IA,baba-saheb-ambedkar-2002,Internet Archive Ambedkar Collection,1,26,good,public,social_justice,https://archive.org/details/baba-saheb-ambedkar-2002
DOC_IA_PARI_constituent-assembly-of-i_b25a7147,"Article 1 in the Constituent Assembly of India Debates (Proceedings); Volume VII – November 15 and 17, 1948",Constituent Assembly of India,1948-11-15,debate,en,IA,PARI.constituent-assembly-of-india-debates-proceedings-volume-vii---november-15,Internet Archive Ambedkar Collection,2,754,good,public,"constitutional, democracy, equality, social_justice",https://archive.org/details/PARI.constituent-assembly-of-india-debates-proceedings-volume-vii---november-15
DOC_IA_PARI_dr-babasaheb-ambedkar-vol_7af8e7b7,Dr. Babasaheb Ambedkar (Vol. 14 Part-I): General Discussions on the Hindu Code Bill,"Dr. Babasaheb Ambedkar, First edition compiled and edited by Vasant Moon, Second edition edited by Hari Narke",2014-01-01,publication,en,IA,PARI.dr-babasaheb-ambedkar-vol-14-part-i-general-discussions-on-the-hindu-code-bill,Internet Archive Ambedkar Collection,3,1062,good,public,"buddhism, caste, constitutional, dalits, equality, labor, social_justice",https://archive.org/details/PARI.dr-babasaheb-ambedkar-vol-14-part-i-general-discussions-on-the-hindu-code-bill
DOC_IA_PARI_dr-babasaheb-ambedkar-vol_0fceacc6,Dr. Babasaheb Ambedkar (Vol. 15): Speeches as Law Minister and Member of Opposition (1947 to 1956),"Dr. Babasaheb Ambedkar, First edition compiled and edited by Vasant Moon, Second edition edited by Hari Narke",2014-01-01,speech,en,IA,PARI.dr-babasaheb-ambedkar-vol-15-speeches-as-law-minister-and-member-of-opposition-1947-to-1956,Internet Archive Ambedkar Collection,9,2767,good,public,"caste, constitutional, dalits, democracy, economics, equality, rights, social_justice",https://archive.org/details/PARI.dr-babasaheb-ambedkar-vol-15-speeches-as-law-minister-and-member-of-opposition-1947-to-1956
DOC_IA_VivekJiOnBabasahaebAmbedkar,Vivek ji On Babasahaeb Ambedkar,Vivek ji,1950-01-26,speech,en,IA,VivekJiOnBabasahaebAmbedkar,Internet Archive Ambedkar Collection,1,27,good,public,constitutional,https://archive.org/details/VivekJiOnBabasahaebAmbedkar
DOC_IA_httpsierj_injournalindex_phpie_7c05c318,Dr. BABASAHEB AMBEDKAR: “FORMATION OF EQUALITY IN MODERN INDIA”,Dr. Navin Kumar,2023-07-15,publication,en,IA,httpsierj.injournalindex.phpierjarticleview2833,Internet Archive Ambedkar Collection,1,331,good,public,"caste, constitutional, equality, rights, social_justice",https://archive.org/details/httpsierj.injournalindex.phpierjarticleview2833
DOC_IA_PARI_dr-babasaheb-ambedkar-vol_81809602,Dr. Babasaheb Ambedkar (Vol. 13): Speeches from the Constituent Assembly Debates,"Dr. Babasaheb Ambedkar, First edition compiled and edited by Vasant Moon, Second edition edited by Hari Narke",2014-01-01,speech,en,IA,PARI.dr-babasaheb-ambedkar-vol-13-speeches-from-the-constituent-assembly-debate,Internet Archive Ambedkar Collection,4,1423,good,public,"constitutional, dalits, democracy, rights, social_justice",https://archive.org/details/PARI.dr-babasaheb-ambedkar-vol-13-speeches-from-the-constituent-assembly-debate
DOC_IA_in_gazette_e_2003_126,"Extraordinary Gazette of India, 2003, No. 126","Directorate of Printing, Government of India",2003-07-08,publication,en,IA,in.gazette.e.2003.126,Internet Archive Ambedkar Collection,1,64,good,public,"constitutional, social_justice",https://archive.org/details/in.gazette.e.2003.126
DOC_IA_baba-saheb-ambedkar-2003,ବାବା ସାହେବ ଆମ୍ବେଦକର,ସୌରୀବନ୍ଧୁ କର,1950-01-26,publication,en,IA,baba-saheb-ambedkar-2003,Internet Archive Ambedkar Collection,1,26,good,public,social_justice,https://archive.org/details/baba-saheb-ambedkar-2003
DOC_IA_the-constitution_of_india_orig_ccca4a37,The Constitution of India Original By Jaiprakash.Hacker,Jaiprakash.hacker,1950-01-26,publication,en,IA,the-constitution_of_india_original_by-jaiprakash.hacker,Internet Archive Ambedkar Collection,1,26,good,public,constitutional,https://archive.org/details/the-constitution_of_india_original_by-jaiprakash.hacker
DOC_IA_in_gazette_tamilnadu_2017-04-2_fc85f624,"Tamil Nadu, 2017-04-27, Extraordinary, No. 116, Part IISection 2",Government of Tamil Nadu,2017-04-27,publication,en,IA,in.gazette.tamilnadu.2017-04-27.Extraordinary_116_Part-II_Section-2,Internet Archive Ambedkar Collection,1,71,good,public,constitutional,https://archive.org/details/in.gazette.tamilnadu.2017-04-27.Extraordinary_116_Part-II_Section-2
DOC_IA_Httpwww_ijtsrd_commanagementla_15a53e7c,Critical Appraisal of Presidential Rule Imposed on State,Kshitij Guatam,1950-01-26,publication,en,IA,Httpwww.ijtsrd.commanagementlaw-and-management17003critical-appraisal-of-preside,Internet Archive Ambedkar Collection,1,347,good,public,constitutional,https://archive.org/details/Httpwww.ijtsrd.commanagementlaw-and-management17003critical-appraisal-of-preside
DOC_IA_in_gazette_central_e_2003-07-08_022,"Union Government, Extraordinary, 2003-07-08, Part I-Section 1, Ref. 3/1/98-A F",Government of India,2003-07-08,publication,en,IA,in.gazette.central.e.2003-07-08.022,Internet Archive Ambedkar Collection,1,53,good,public,"constitutional, social_justice",https://archive.org/details/in.gazette.central.e.2003-07-08.022
DOC_IA_in_gov_tribals_74218,"Dr. Ambedkar, Bharatiyo Sangbidhan Aru Ami",Dr. B.R. Ambedkar,1992-09-01,publication,en,IA,in.gov.tribals.74218,Internet Archive Ambedkar Collection,1,262,good,public,"constitutional, dalits, social_justice",https://archive.org/details/in.gov.tribals.74218
DOC_IA_in_gazette_tamilnadu_2017-12-1_9993e075,"Tamil Nadu, 2017-12-14, Extraordinary, No. 394, Part IISection 2",Government of Tamil Nadu,2017-12-14,publication,en,IA,in.gazette.tamilnadu.2017-12-14.Extraordinary_394_Part-II_Section-2,Internet Archive Ambedkar Collection,1,74,good,public,constitutional,https://archive.org/details/in.gazette.tamilnadu.2017-12-14.Extraordinary_394_Part-II_Section-2
DOC_IA_ambedkarsclosingspeechcadenglish,Ambedkar's Closing Speech CAD English,Dr. B.R. Ambedkar,1950-01-26,speech,en,IA,ambedkarsclosingspeechcadenglish,Internet Archive Ambedkar Collection,1,9,good,public,constitutional,https://archive.org/details/ambedkarsclosingspeechcadenglish
DOC_IA_in_gazette_tamilnadu_2021-01-1_ee41760f,"Tamil Nadu Gazette, 2021-01-12, Extraordinary, Part II, Number 21",Government of Tamil Nadu,2021-01-12,publication,en,IA,in.gazette.tamilnadu.2021-01-12.Extraordinary_21_Part-II_Section-2,Internet Archive Ambedkar Collection,1,64,good,public,constitutional,https://archive.org/details/in.gazette.tamilnadu.2021-01-12.Extraordinary_21_Part-II_Section-2
DOC_IA_e-jugara-manu-dr-ambedkar-1983-2000-2e,ଏ ଯୁଗର ମନୁ – ଡ. ଆମ୍ବେଦକର,ଗୋବିନ୍ଦ ଚନ୍ଦ୍ର ସେଠ,1950-01-26,publication,en,IA,e-jugara-manu-dr-ambedkar-1983-2000-2e,Internet Archive Ambedkar Collection,1,29,good,public,social_justice,https://archive.org/details/e-jugara-manu-dr-ambedkar-1983-2000-2e
DOC_IA_httpsierj_injournalindex_phpie_71f4d063,DR. B. R AMBEDKAR: THE ARCHITECT OF INDIAN CONSTITUTION AND A CHAMPION OF SOCIAL JUSTICE AND EQUALITY,Gurinder Kaur,2024-04-15,publication,en,IA,httpsierj.injournalindex.phpierjarticleview3403,Internet Archive Ambedkar Collection,1,247,good,public,"caste, constitutional, equality, rights, social_justice",https://archive.org/details/httpsierj.injournalindex.phpierjarticleview3403
DOC_IA_in_gazette_andhra_2020-03-24_7717,"Andhra Pradesh Gazette, 2020-03-24, Weekly, Part PART I, Number 12",Government of Andhra Pradesh,2020-03-24,publication,en,IA,in.gazette.andhra.2020-03-24.7717,Internet Archive Ambedkar Collection,1,45,good,public,"constitutional, democracy",https://archive.org/details/in.gazette.andhra.2020-03-24.7717
DOC_IA_ambedkar_202604,Ambedkar,B.R Ambedkar,1950-01-26,publication,en,IA,ambedkar_202604,Internet Archive Ambedkar Collection,1,63,good,public,"constitutional, social_justice",https://archive.org/details/ambedkar_202604
DOC_IA_in_gazette_central_e_2015-06-25_165220,"Union Government, Extraordinary, 2015-06-25, Part II-Section 3-Sub-Section(i), Ref. G.S.R. 511(E)",Government of India,2015-06-25,publication,en,IA,in.gazette.central.e.2015-06-25.165220,Internet Archive Ambedkar Collection,1,80,good,public,constitutional,https://archive.org/details/in.gazette.central.e.2015-06-25.165220
DOC_IA_k_-v_-ramakrishna-rao-dalit-a-_ac3d0d26,"K. V. Ramakrishna Rao, Dalit A Legal Perspective",K. V. Ramakrishna Rao,2025-04-13,publication,en,IA,k.-v.-ramakrishna-rao-dalit-a-legal-perspective,Internet Archive Ambedkar Collection,1,42,good,public,"dalits, social_justice",https://archive.org/details/k.-v.-ramakrishna-rao-dalit-a-legal-perspective
DOC_IA_worshipping-false-gods,Worshipping False Gods,Arun Shourie,1950-01-26,publication,en,IA,worshipping-false-gods,Internet Archive Ambedkar Collection,1,189,good,public,"constitutional, democracy, social_justice",https://archive.org/details/worshipping-false-gods
DOC_IA_188_-dr-_-b_-r_-ambedkar-thoug_643513fd,188. Dr . B. R. Ambedkar Thoughts On Atamnirbhar Bharat An Overview,Dr. Rakesh Kumar,2024-07-01,publication,en,IA,188.-dr-.-b.-r.-ambedkar-thoughts-on-atamnirbhar-bharat-an-overview,Internet Archive Ambedkar Collection,1,305,good,public,"constitutional, democracy, equality, social_justice",https://archive.org/details/188.-dr-.-b.-r.-ambedkar-thoughts-on-atamnirbhar-bharat-an-overview
DOC_IA_PARI_preamble-the-constitution-of-india,"Preamble, The Constitution of India (in English and Hindi)","Ministry of Law and Justice, Government of India",1950-01-26,publication,en,IA,PARI.preamble-the-constitution-of-india,Internet Archive Ambedkar Collection,1,228,good,public,"constitutional, democracy, equality, rights, social_justice",https://archive.org/details/PARI.preamble-the-constitution-of-india
DOC_IA_in_gazette_andhra_new_2023-11-_0c5f0b2c,"Andhra Pradesh Gazette, 2023-11-14, Extraordinary, PART I, Number 1166",Government of Andhra Pradesh,2023-11-14,publication,en,IA,in.gazette.andhra_new.2023-11-14.1699939137727,Internet Archive Ambedkar Collection,1,56,good,public,constitutional,https://archive.org/details/in.gazette.andhra_new.2023-11-14.1699939137727
DOC_IA_az-20240401,A TO Z INDIA - APRIL 2024,A TO Z INDIA,2024-03-22,publication,en,IA,az-20240401,Internet Archive Ambedkar Collection,1,91,good,public,"caste, constitutional, dalits",https://archive.org/details/az-20240401
DOC_IA_rsdebate_nic_in_184205,Constitution of Dr. Ambedkar Foundation (27-Aug-1993),Rajya Sabha Secretariat,1993-08-27,publication,en,IA,rsdebate.nic.in.184205,Internet Archive Ambedkar Collection,1,12,good,public,constitutional,https://archive.org/details/rsdebate.nic.in.184205
DOC_IA_outing-thich-nhat-hanh-thomas-_1381ec8b,"Outing Thich Nhat Hanh, Thomas Merton, And B. R. Ambedkar By Miles Mathis",Dr. B.R. Ambedkar,1950-01-26,speech,en,IA,outing-thich-nhat-hanh-thomas-merton-and-b.-r.-ambedkar-by-miles-mathis,Internet Archive Ambedkar Collection,1,80,good,public,constitutional,https://archive.org/details/outing-thich-nhat-hanh-thomas-merton-and-b.-r.-ambedkar-by-miles-mathis
DOC_IA_httpswww_ijtsrd_comcomputer-sc_83f25ab0,Dr. B. R. Ambedkar Champion of Social Justice and Secular Equality Prompt Science Analysis,Manish Verma,1950-01-26,publication,en,IA,httpswww.ijtsrd.comcomputer-scienceartificial-intelligence69334dr-b-r-ambedkar-c,Internet Archive Ambedkar Collection,1,206,good,public,"caste, constitutional, democracy, equality, labor, rights, social_justice",https://archive.org/details/httpswww.ijtsrd.comcomputer-scienceartificial-intelligence69334dr-b-r-ambedkar-c
DOC_IA_httpswww_ijtsrd_comother-scien_4eb88e24,B. R. Ambedkar’s Perspective on Caste’s System,Vikram Kumar Patel | Reena Chand,1950-01-26,publication,en,IA,httpswww.ijtsrd.comother-scientific-research-areaother76189b-r-ambedkars-perspec,Internet Archive Ambedkar Collection,1,258,good,public,"caste, constitutional, equality, rights, social_justice",https://archive.org/details/httpswww.ijtsrd.comother-scientific-research-areaother76189b-r-ambedkars-perspec
DOC_IA_in_gov_maharashtra_gr_202211251520365122,Maharashtra GR: #202211251520365122,Government of Maharashtra,2022-11-25,publication,mr,IA,in.gov.maharashtra.gr.202211251520365122,Internet Archive Ambedkar Collection,1,41,good,public,"constitutional, social_justice",https://archive.org/details/in.gov.maharashtra.gr.202211251520365122
DOC_IA_PARI_indias-legislation-parlia_a8c074c9,India’s legislation: a parliamentary shift,PARI Library,2024-04-15,publication,en,IA,PARI.indias-legislation-parliamentary-shift,Internet Archive Ambedkar Collection,4,1282,good,public,"constitutional, democracy",https://archive.org/details/PARI.indias-legislation-parliamentary-shift
DOC_IA_in_gov_andhra_goir_2008-08-07_E-27468,"Andhra Pradesh Government Order, 2008-08-07, Ehe01 - Higher Education, Manuscript, Number 160",Government of Andhra Pradesh,2008-08-07,manuscript,en,IA,in.gov.andhra.goir.2008-08-07.E-27468,Internet Archive Ambedkar Collection,1,57,good,public,constitutional,https://archive.org/details/in.gov.andhra.goir.2008-08-07.E-27468
DOC_IA_img-20240414-204107,IMG 20240414 204107,Moulaiah Naidu Associate Lawyer,2024-01-01,publication,en,IA,img-20240414-204107,Internet Archive Ambedkar Collection,1,64,good,public,constitutional,https://archive.org/details/img-20240414-204107
DOC_IA_rsdebate_nic_in_225918,"THE CONSTITUTION (SEVENTY-FIRST AMENDMENT) BILL, 1990 (29-Apr-1992)",Rajya Sabha Secretariat,1992-04-29,publication,en,IA,rsdebate.nic.in.225918,Internet Archive Ambedkar Collection,1,13,good,public,constitutional,https://archive.org/details/rsdebate.nic.in.225918
DOC_IA_in_gov_telangana_goir_2015-12-_28c2674a,"Telangana Government Order, 2015-12-31, Higher Education, Routine, Number 349",Government of Telangana,2015-12-31,publication,en,IA,in.gov.telangana.goir.2015-12-31.higher-education-routine-349,Internet Archive Ambedkar Collection,1,63,good,public,constitutional,https://archive.org/details/in.gov.telangana.goir.2015-12-31.higher-education-routine-349
DOC_IA_PARI_article-2-in-the-constitu_76acc65a,"Article 2 in the Constituent Assembly of India Debates (Proceedings); Volume VII – November 17, 1948",Constituent Assembly of India,1948-11-17,debate,en,IA,PARI.article-2-in-the-constituent-assembly-of-india-debates-proceedings-volume-,Internet Archive Ambedkar Collection,1,459,good,public,"constitutional, democracy",https://archive.org/details/PARI.article-2-in-the-constituent-assembly-of-india-debates-proceedings-volume-
DOC_IA_PARI_articles-5-11-part-ii-in-_2074ff84,"Articles 5-11 (Part II) in the Constituent Assembly of India Debates (Proceedings): Volume IX – August 10, 11 and 12, 1949",Constituent Assembly of India,1949-08-01,debate,en,IA,PARI.articles-5-11-part-ii-in-the-constituent-assembly-of-india-debates-proceed,Internet Archive Ambedkar Collection,3,977,good,public,"constitutional, democracy, equality",https://archive.org/details/PARI.articles-5-11-part-ii-in-the-constituent-assembly-of-india-debates-proceed
DOC_IA_in_gov_telangana_goir_2016-04-_eef5b433,"Telangana Government Order, 2016-04-11, Scheduled Castes Development, Routine, Number 211",Government of Telangana,2016-04-11,publication,en,IA,in.gov.telangana.goir.2016-04-11.scheduled-castes-development-routine-211,Internet Archive Ambedkar Collection,1,69,good,public,"caste, constitutional, dalits",https://archive.org/details/in.gov.telangana.goir.2016-04-11.scheduled-castes-development-routine-211
DOC_IA_in_gov_andhra_goir_2008-08-07_E-27462,"Andhra Pradesh Government Order, 2008-08-07, Ehe01 - Higher Education, Manuscript, Number 158",Government of Andhra Pradesh,2008-08-07,manuscript,en,IA,in.gov.andhra.goir.2008-08-07.E-27462,Internet Archive Ambedkar Collection,1,58,good,public,constitutional,https://archive.org/details/in.gov.andhra.goir.2008-08-07.E-27462
DOC_IA_eparlib_nic_in_758885,Lok Sabha Debates (Special Sitting on Commitment to India’s Constitution to Commemorate 125th Birth Anniversary Celebrations of Dr. B.R. Ambedkar) (27-Nov-2015),Lok Sabha Secretariat,2015-11-27,debate,en,IA,eparlib.nic.in.758885,Internet Archive Ambedkar Collection,1,26,good,public,"constitutional, democracy",https://archive.org/details/eparlib.nic.in.758885
DOC_IA_in_gazette_sikkim_2016-03-12_65_20240925,"Sikkim Gazette, 2016-03-12, Number 65",Government of Sikkim,2016-03-12,publication,en,IA,in.gazette.sikkim.2016-03-12.65_20240925,Internet Archive Ambedkar Collection,1,42,good,public,"constitutional, social_justice",https://archive.org/details/in.gazette.sikkim.2016-03-12.65_20240925
DOC_IA_constitution-of-india-1950,Service Ll Llscd 57026883 57026883 ( 2),Dr. B.R Ambedkar,1950-01-26,publication,en,IA,constitution-of-india-1950,Internet Archive Ambedkar Collection,1,13,good,public,constitutional,https://archive.org/details/constitution-of-india-1950
DOC_IA_scrnli_CYerKaO2qu2i5p,scrnli_CYerKaO2qu2i5p,Dr. B.R. Ambedkar,1950-01-26,other,en,IA,scrnli_CYerKaO2qu2i5p,Internet Archive Ambedkar Collection,1,15,good,public,constitutional,https://archive.org/details/scrnli_CYerKaO2qu2i5p
DOC_IA_eparlib_nic_in_750171,Further discussion on the commitment to India s constitution as part of 125th birth anniversary celebration of Dr. B.R. Ambedkar. (27-Nov-2015),Lok Sabha Secretariat,2015-11-27,publication,en,IA,eparlib.nic.in.750171,Internet Archive Ambedkar Collection,1,26,good,public,"constitutional, democracy",https://archive.org/details/eparlib.nic.in.750171
DOC_IA_PARI_article-4-in-the-constitu_fbd0a6c2,"Article 4 in the Constituent Assembly of India Debates (Proceedings): Volume VII – November 18, 1948",Constituent Assembly of India,1948-11-18,debate,en,IA,PARI.article-4-in-the-constituent-assembly-of-india-debates-proceedings-volume-,Internet Archive Ambedkar Collection,1,289,good,public,"constitutional, democracy",https://archive.org/details/PARI.article-4-in-the-constituent-assembly-of-india-debates-proceedings-volume-
DOC_IA_eparlib_nic_in_758886,Lok Sabha Debates (Special Sitting on Commitment to India’s Constitution to Commemorate 125th Birth Anniversary Celebrations of Dr. B.R. Ambedkar) (26-Nov-2015),Lok Sabha Secretariat,2015-11-26,debate,en,IA,eparlib.nic.in.758886,Internet Archive Ambedkar Collection,1,26,good,public,"constitutional, democracy",https://archive.org/details/eparlib.nic.in.758886
DOC_IA_eparlib_nic_in_750016,The Speaker addressed the House under Rule 360 on Commitment to India s Constitution as part of 125th Birth Anniversary celebration of Dr. B.R. Ambedkar. (26-Nov-2015),Lok Sabha Secretariat,2015-11-26,speech,en,IA,eparlib.nic.in.750016,Internet Archive Ambedkar Collection,1,31,good,public,"constitutional, democracy",https://archive.org/details/eparlib.nic.in.750016
DOC_IA_in_gov_andhra_goir_2023-12-21_E-493750,"Andhra Pradesh Government Order, 2023-12-21, Mau01 - Municipal Administration And Urban Development, Routine, Number 908",Government of Andhra Pradesh,2023-12-21,publication,en,IA,in.gov.andhra.goir.2023-12-21.E-493750,Internet Archive Ambedkar Collection,1,81,good,public,constitutional,https://archive.org/details/in.gov.andhra.goir.2023-12-21.E-493750
DOC_IA_in_gov_maharashtra_gr_201510061720000107,Maharashtra GR: #201510061720000107,Government of Maharashtra,2015-10-06,publication,mr,IA,in.gov.maharashtra.gr.201510061720000107,Internet Archive Ambedkar Collection,1,37,good,public,constitutional,https://archive.org/details/in.gov.maharashtra.gr.201510061720000107
DOC_IA_fb-post-031125,FB Post 031125,Dr. B.R. Ambedkar,1950-01-26,other,en,IA,fb-post-031125,Internet Archive Ambedkar Collection,1,24,good,public,constitutional,https://archive.org/details/fb-post-031125
DOC_IA_in_gov_andhra_goir_2009-04-06_E-65885,"Andhra Pradesh Government Order, 2009-04-06, Ehe01 - Higher Education, Manuscript, Number 35",Government of Andhra Pradesh,2009-04-06,manuscript,en,IA,in.gov.andhra.goir.2009-04-06.E-65885,Internet Archive Ambedkar Collection,1,59,good,public,constitutional,https://archive.org/details/in.gov.andhra.goir.2009-04-06.E-65885
DOC_IA_in_gov_andhra_goir_2025-05-26_E-551769,"Andhra Pradesh Government Order, 2025-05-26, Agc01 - Agriculture And Cooperation, Routine, Number 335",Government of Andhra Pradesh,2025-05-26,publication,en,IA,in.gov.andhra.goir.2025-05-26.E-551769,Internet Archive Ambedkar Collection,1,53,good,public,constitutional,https://archive.org/details/in.gov.andhra.goir.2025-05-26.E-551769
DOC_IA_eparlib_nic_in_419627,CONSTITUTION AMENDMENT (12-Dec-2001),Lok Sabha Secretariat,2001-12-12,publication,en,IA,eparlib.nic.in.419627,Internet Archive Ambedkar Collection,1,8,good,public,"constitutional, democracy",https://archive.org/details/eparlib.nic.in.419627
DOC_IA_class-9-political-science-chap_87bf91b3,Class 9 Political Science Chapter wise Topic wise Notes Chapter 2 Constitutional Design,Artham Resources,2024-01-01,publication,en,IA,class-9-political-science-chapterwise-topicwise-note-chapter-2-constitutional-design,Internet Archive Ambedkar Collection,1,91,good,public,"constitutional, equality, rights, social_justice",https://archive.org/details/class-9-political-science-chapterwise-topicwise-note-chapter-2-constitutional-design
DOC_IA_in_gazette_tamilnadu_2025-04-2_0af3aa47,"Tamil Nadu Gazette, 2025-04-25, Extraordinary, Part II, Number 189",Government of Tamil Nadu,2025-04-25,publication,en,IA,in.gazette.tamilnadu.2025-04-25.Extraordinary_189_Part-II_Section-2,Internet Archive Ambedkar Collection,1,91,good,public,constitutional,https://archive.org/details/in.gazette.tamilnadu.2025-04-25.Extraordinary_189_Part-II_Section-2
DOC_IA_in_gov_telangana_goir_2016-05-_b8703be1,"Telangana Government Order, 2016-05-26, Higher Education, Routine, Number 131",Government of Telangana,2016-05-26,publication,en,IA,in.gov.telangana.goir.2016-05-26.higher-education-routine-131,Internet Archive Ambedkar Collection,1,61,good,public,constitutional,https://archive.org/details/in.gov.telangana.goir.2016-05-26.higher-education-routine-131
DOC_IA_in_gov_andhra_goir_2014-11-05_E-327817,"Andhra Pradesh Government Order, 2014-11-05, Trb01 - Transport Roads And Building, Routine, Number 738",Government of Andhra Pradesh,2014-11-05,publication,en,IA,in.gov.andhra.goir.2014-11-05.E-327817,Internet Archive Ambedkar Collection,1,89,good,public,"constitutional, dalits, social_justice",https://archive.org/details/in.gov.andhra.goir.2014-11-05.E-327817
DOC_IA_cia-readingroom-document-02733131,CIA Reading Room 02733131: CURRENT INTELLIGENCE BULLETIN - 1951/05/26,CIA Reading Room,1951-05-26,publication,en,IA,cia-readingroom-document-02733131,Internet Archive Ambedkar Collection,6,1810,good,public,"constitutional, democracy",https://archive.org/details/cia-readingroom-document-02733131
DOC_IA_PARI_article-3-in-the-constitu_af8e2c1c,"Article 3 in the Constituent Assembly of India Debates (Proceedings): Volume VII – November 17 and 18, 1948",Constituent Assembly of India,1948-11-17,debate,en,IA,PARI.article-3-in-the-constituent-assembly-of-india-debates-proceedings-volume-,Internet Archive Ambedkar Collection,3,936,good,public,"constitutional, democracy",https://archive.org/details/PARI.article-3-in-the-constituent-assembly-of-india-debates-proceedings-volume-
DOC_IA_in_gov_andhra_goir_2011-08-03_E-184419,"Andhra Pradesh Government Order, 2011-08-03, Ehe01 - Higher Education, Routine, Number 551",Government of Andhra Pradesh,2011-08-03,publication,en,IA,in.gov.andhra.goir.2011-08-03.E-184419,Internet Archive Ambedkar Collection,1,62,good,public,constitutional,https://archive.org/details/in.gov.andhra.goir.2011-08-03.E-184419
DOC_IA_in_gazette_andhra_new_2025-08-_03c31233,"Andhra Pradesh Gazette, 2025-08-11, Extraordinary, PART I, Number 413",Government of Andhra Pradesh,2025-08-11,publication,en,IA,in.gazette.andhra_new.2025-08-11.1754914124860,Internet Archive Ambedkar Collection,1,45,good,public,constitutional,https://archive.org/details/in.gazette.andhra_new.2025-08-11.1754914124860
DOC_IA_in_gazette_andhra_new_2025-05-_a2c197eb,"Andhra Pradesh Gazette, 2025-05-26, Extraordinary, PART I, Number 152",Government of Andhra Pradesh,2025-05-26,publication,en,IA,in.gazette.andhra_new.2025-05-26.1748259479397,Internet Archive Ambedkar Collection,1,45,good,public,constitutional,https://archive.org/details/in.gazette.andhra_new.2025-05-26.1748259479397
DOC_IA_in_gov_andhra_goir_2025-08-11_E-557297,"Andhra Pradesh Government Order, 2025-08-11, Agc01 - Agriculture And Cooperation, Routine, Number 684",Government of Andhra Pradesh,2025-08-11,publication,en,IA,in.gov.andhra.goir.2025-08-11.E-557297,Internet Archive Ambedkar Collection,1,51,good,public,constitutional,https://archive.org/details/in.gov.andhra.goir.2025-08-11.E-557297
DOC_IA_in_gazette_andhra_new_2025-08-_027be567,"Andhra Pradesh Gazette, 2025-08-12, Extraordinary, PART I, Number 424",Government of Andhra Pradesh,2025-08-12,publication,en,IA,in.gazette.andhra_new.2025-08-12.1754981410669,Internet Archive Ambedkar Collection,1,45,good,public,constitutional,https://archive.org/details/in.gazette.andhra_new.2025-08-12.1754981410669
DOC_IA_in_gov_andhra_goir_2023-02-28_E-495011,"Andhra Pradesh Government Order, 2023-02-28, Sow01 - Social Welfare, Routine, Number 78",Government of Andhra Pradesh,2023-02-28,publication,en,IA,in.gov.andhra.goir.2023-02-28.E-495011,Internet Archive Ambedkar Collection,1,79,good,public,"constitutional, social_justice",https://archive.org/details/in.gov.andhra.goir.2023-02-28.E-495011
DOC_IA_in_gov_telangana_goir_2016-05-_bd9814c8,"Telangana Government Order, 2016-05-21, Scheduled Castes Development, Routine, Number 291",Government of Telangana,2016-05-21,publication,en,IA,in.gov.telangana.goir.2016-05-21.scheduled-castes-development-routine-291,Internet Archive Ambedkar Collection,1,72,good,public,"caste, constitutional, dalits",https://archive.org/details/in.gov.telangana.goir.2016-05-21.scheduled-castes-development-routine-291
DOC_IA_in_gazette_andhra_new_2025-05-_8346ac4a,"Andhra Pradesh Gazette, 2025-05-27, Extraordinary, PART I, Number 156",Government of Andhra Pradesh,2025-05-27,publication,en,IA,in.gazette.andhra_new.2025-05-27.1748342324583,Internet Archive Ambedkar Collection,1,45,good,public,constitutional,https://archive.org/details/in.gazette.andhra_new.2025-05-27.1748342324583
DOC_IA_in_gov_andhra_goir_2009-01-09_E-51452,"Andhra Pradesh Government Order, 2009-01-09, Gad01 - General Administration, Routine, Number 163",Government of Andhra Pradesh,2009-01-09,publication,en,IA,in.gov.andhra.goir.2009-01-09.E-51452,Internet Archive Ambedkar Collection,1,59,good,public,constitutional,https://archive.org/details/in.gov.andhra.goir.2009-01-09.E-51452
DOC_IA_in_gazette_andhra_new_2023-11-_6ca737a5,"Andhra Pradesh Gazette, 2023-11-10, Extraordinary, PART I, Number 1164",Government of Andhra Pradesh,2023-11-10,publication,en,IA,in.gazette.andhra_new.2023-11-10.1699621773030,Internet Archive Ambedkar Collection,1,54,good,public,constitutional,https://archive.org/details/in.gazette.andhra_new.2023-11-10.1699621773030
DOC_IA_PARI_constituent-assembly-of-i_e614a532,"Article 1 in the Constituent Assembly of India Debates (Proceedings); Volume VII – November 15 and 17, 1948",Constituent Assembly of India,1948-11-15,debate,en,IA,PARI.constituent-assembly-of-india-debates-proceedings-volume-vii---november-15-and-17-1948,Internet Archive Ambedkar Collection,2,754,good,public,"constitutional, democracy, equality, social_justice",https://archive.org/details/PARI.constituent-assembly-of-india-debates-proceedings-volume-vii---november-15-and-17-1948
DOC_IA_constituent-assembly-debates-9_c80f45af,The Constituent Assembly Debates,Lok Sabha Secretariat,2014-05-14,debate,en,IA,constituent-assembly-debates-9th-december-1946-24th-january-1950_202601,Internet Archive Ambedkar Collection,1,220,good,public,"constitutional, democracy",https://archive.org/details/constituent-assembly-debates-9th-december-1946-24th-january-1950_202601
DOC_IA_in_gazette_andhra_new_2025-08-_297b6f2c,"Andhra Pradesh Gazette, 2025-08-12, Extraordinary, PART I, Number 422",Government of Andhra Pradesh,2025-08-12,publication,en,IA,in.gazette.andhra_new.2025-08-12.1754981196798,Internet Archive Ambedkar Collection,1,45,good,public,constitutional,https://archive.org/details/in.gazette.andhra_new.2025-08-12.1754981196798
DOC_IA_in_gov_andhra_goir_2025-07-29_E-556524,"Andhra Pradesh Government Order, 2025-07-29, Sow01 - Social Welfare, Routine, Number 207",Government of Andhra Pradesh,2025-07-29,publication,en,IA,in.gov.andhra.goir.2025-07-29.E-556524,Internet Archive Ambedkar Collection,1,45,good,public,"constitutional, social_justice",https://archive.org/details/in.gov.andhra.goir.2025-07-29.E-556524
DOC_IA_img-20240414-204341,IMG 20240414 204341,Moulaiah Naidu,2024-04-14,publication,en,IA,img-20240414-204341,Internet Archive Ambedkar Collection,1,64,good,public,constitutional,https://archive.org/details/img-20240414-204341
DOC_IA_httpsindianphilosophyethics_bl_0f45b0a8,संवैधानिक नैतिकता भारतीय लोकतंत्र की आत्मा की खोज,Anand Singh Dhami,1950-01-26,publication,hi,IA,httpsindianphilosophyethics.blogspot.com202705constitutional-morality,Internet Archive Ambedkar Collection,1,112,good,public,social_justice,https://archive.org/details/httpsindianphilosophyethics.blogspot.com202705constitutional-morality
DOC_IA_cia-readingroom-document-cia-r_c673cbc9,CIA Reading Room cia-rdp79t00975a000200330001-2: CENTRAL INTELLIGENCE BULLETIN,CIA Reading Room,1951-05-26,publication,en,IA,cia-readingroom-document-cia-rdp79t00975a000200330001-2,Internet Archive Ambedkar Collection,5,1733,good,public,"constitutional, democracy",https://archive.org/details/cia-readingroom-document-cia-rdp79t00975a000200330001-2
DOC_IA_in_gov_andhra_goir_2016-04-20_E-364696,"Andhra Pradesh Government Order, 2016-04-20, Ehe01 - Higher Education, Routine, Number 90",Government of Andhra Pradesh,2016-04-20,publication,en,IA,in.gov.andhra.goir.2016-04-20.E-364696,Internet Archive Ambedkar Collection,1,58,good,public,constitutional,https://archive.org/details/in.gov.andhra.goir.2016-04-20.E-364696
DOC_IA_in_gazette_andhra_new_2025-07-_f1b75a71,"Andhra Pradesh Gazette, 2025-07-12, Extraordinary, PART I, Number 309",Government of Andhra Pradesh,2025-07-12,publication,en,IA,in.gazette.andhra_new.2025-07-12.1752304832414,Internet Archive Ambedkar Collection,1,45,good,public,constitutional,https://archive.org/details/in.gazette.andhra_new.2025-07-12.1752304832414
DOC_IA_cp1989,"C Parvathamma, Scheduled Castes at the Crossroads (Ashish Publishing House, 1989)",sitaphala,1950-01-26,publication,en,IA,cp1989,Internet Archive Ambedkar Collection,1,60,good,public,"buddhism, caste, social_justice",https://archive.org/details/cp1989
DOC_IA_dli_ernet_6720,Ambedkar Vol. 1,Dr. Babasehab Ambedkar,1989-01-01,publication,en,IA,dli.ernet.6720,Internet Archive Ambedkar Collection,1,34,good,public,social_justice,https://archive.org/details/dli.ernet.6720
DOC_IA_dr_-b_-r_-ambedkar-castes-in-i_2a26ce16,"Dr. B. R. Ambedkar Castes In India Their Mechanism, Genesis And Development Patrika Publications ( 1916)",Dr. B.R. Ambedkar,1950-01-26,publication,en,IA,dr.-b.-r.-ambedkar-castes-in-india-their-mechanism-genesis-and-development-patrika-publications-1916,Internet Archive Ambedkar Collection,1,20,good,public,social_justice,https://archive.org/details/dr.-b.-r.-ambedkar-castes-in-india-their-mechanism-genesis-and-development-patrika-publications-1916
DOC_IA_ambedkars-india-a-collection-o_e844704a,Ambedkar's India A Collection Of 3 Works By BR Ambedkar On Castes,Dr. B.R. Ambedkar,1950-01-26,speech,en,IA,ambedkars-india-a-collection-of-3-works-by-br-ambedkar-on-castes,Internet Archive Ambedkar Collection,1,183,good,public,"caste, constitutional, social_justice",https://archive.org/details/ambedkars-india-a-collection-of-3-works-by-br-ambedkar-on-castes
DOC_IA_3euoncdhbnqbbfacvhycse9zgt1ritap4ykw1brf,Episode 7 Conclusion: A LASTING PATH,Clear Blue Skies S1: Experiencing Ambedkar,2022-04-20,speech,en,IA,3euoncdhbnqbbfacvhycse9zgt1ritap4ykw1brf,Internet Archive Ambedkar Collection,1,322,good,public,"buddhism, labor, social_justice",https://archive.org/details/3euoncdhbnqbbfacvhycse9zgt1ritap4ykw1brf
DOC_IA_ArundhatiRoy-TheDoctorAndTheSa_793f5708,Arundhati Roy - The Doctor and the Saint - 2014,Dr. B.R. Ambedkar,1950-01-26,other,en,IA,ArundhatiRoy-TheDoctorAndTheSaint-2014_328,Internet Archive Ambedkar Collection,1,155,good,public,caste,https://archive.org/details/ArundhatiRoy-TheDoctorAndTheSaint-2014_328
DOC_IA_Debunking_the_Gandhi_Myth_-_Ar_eeed63d0,Debunking the Gandhi Myth: Arundhati Roy,LF,2014-10-21,other,en,IA,Debunking_the_Gandhi_Myth_-_Arundhati_Roy,Internet Archive Ambedkar Collection,1,34,good,public,caste,https://archive.org/details/Debunking_the_Gandhi_Myth_-_Arundhati_Roy
DOC_IA_gmt-20220112-184211-recording,Intro Ethics in a Time of COVID 19,Richard Dien Winfield,2022-02-09,speech,en,IA,gmt-20220112-184211-recording,Internet Archive Ambedkar Collection,2,665,good,public,"caste, democracy, social_justice",https://archive.org/details/gmt-20220112-184211-recording
DOC_IA_annihilation-of-caste-hindi-au_e1e269bb,Annihilation Of Caste,Dr. B.R. Ambedkar,1950-01-26,speech,en,IA,annihilation-of-caste-hindi-audiobook-dr.-b.-r.-ambedkar-part-2-26,Internet Archive Ambedkar Collection,1,1,good,public,caste,https://archive.org/details/annihilation-of-caste-hindi-audiobook-dr.-b.-r.-ambedkar-part-2-26
DOC_IA_PREVIEW_-_Debunking_the_Gandhi_8e0ae366,PREVIEW: Debunking the Gandhi Myth: Arundhati Roy,LF,2014-10-17,other,en,IA,PREVIEW_-_Debunking_the_Gandhi_Myth_-_Arundhati_Roy,Internet Archive Ambedkar Collection,1,49,good,public,caste,https://archive.org/details/PREVIEW_-_Debunking_the_Gandhi_Myth_-_Arundhati_Roy
DOC_IA_ArundhatiRoy-LauraFlanders-Deb_0333e03d,Arundhati Roy - Laura Flanders - Debunking the Gandhi Myth - 2014,Dr. B.R. Ambedkar,1950-01-26,other,en,IA,ArundhatiRoy-LauraFlanders-DebunkingTheGandhiMyth-2014,Internet Archive Ambedkar Collection,1,46,good,public,caste,https://archive.org/details/ArundhatiRoy-LauraFlanders-DebunkingTheGandhiMyth-2014
DOC_IA_mahatma-phule-samgra-vanmay-5-avruti,Mahatma Phule Samgra Vanmay 5 Avruti,Dr. B.R. Ambedkar,1950-01-26,publication,en,IA,mahatma-phule-samgra-vanmay-5-avruti,Internet Archive Ambedkar Collection,1,19,good,public,caste,https://archive.org/details/mahatma-phule-samgra-vanmay-5-avruti
DOC_IA_delusion-of-arun-shourie-by-va_04bae7fa,Delusion Of Arun Shourie By Vasant Moon,Vasant moon,1950-01-26,publication,en,IA,delusion-of-arun-shourie-by-vasant-moon-1,Internet Archive Ambedkar Collection,1,226,good,public,"caste, dalits, social_justice",https://archive.org/details/delusion-of-arun-shourie-by-vasant-moon-1
DOC_IA_bk-000026,Delusions of Arun shourie,Vasant Moon,1950-01-26,publication,en,IA,bk-000026,Internet Archive Ambedkar Collection,1,226,good,public,"caste, dalits, social_justice",https://archive.org/details/bk-000026
DOC_IA_dr_-ambedkars-annihilation-of-_c1eb84f6,THOUGHTS of Dr. Ambedkar from his Book Annihilation Of Caste -By K.KARAN (HAND WRITEN RESEARCH),K.KARAN - ONLY RESEARCHES AND PUBLICATIONS,1950-01-26,publication,en,IA,dr.-ambedkars-annihilation-of-caste-research-by-karan,Internet Archive Ambedkar Collection,1,15,good,public,caste,https://archive.org/details/dr.-ambedkars-annihilation-of-caste-research-by-karan
DOC_IA_58-ijels-105202665-ambedkar,"Ambedkar’s Writings and Dalit Sensitivities: Voice, Suffering, and Repressed Emotions",Dr. B.R. Ambedkar,1950-01-26,publication,en,IA,58-ijels-105202665-ambedkar,Internet Archive Ambedkar Collection,1,119,good,public,"caste, dalits, social_justice",https://archive.org/details/58-ijels-105202665-ambedkar
DOC_CAD_CAD_VOL07_19481104,Constituent Assembly Debates: Motion Introducing the Draft Constitution,Dr. B.R. Ambedkar,1948-11-04,debate,en,CAD,CAD-LS-Volume VII-31-44,Constituent Assembly of India Debates (Volume VII),12,368,good,public,"constitutional, democracy, drafting_committee, equality, executive, federalism, parliamentary_democracy, rights",
DOC_CAD_CAD_VOL11_19491125,Constituent Assembly Debates: Speech on the Third Reading of the Constitution (Grammar of Anarchy),Dr. B.R. Ambedkar,1949-11-25,debate,en,CAD,CAD-LS-Volume XI-972-984,Constituent Assembly of India Debates (Volume XI),12,524,good,public,"constitutional, democracy, equality, fraternity, grammar_of_anarchy, social_justice",
DOC_CAD_CAD_VOL01_19461217,Constituent Assembly Debates: Intervention on the Objectives Resolution,Dr. B.R. Ambedkar,1946-12-17,debate,en,CAD,CAD-LS-Volume I-99-104,Constituent Assembly of India Debates (Volume I),12,184,good,public,"constitutional, minority_rights, national_unity, objectives_resolution, social_justice",
DOC_CAD_CAD_VOL07_19481119,Constituent Assembly Debates: Debate on Directive Principles of State Policy,Dr. B.R. Ambedkar,1948-11-19,debate,en,CAD,CAD-LS-Volume VII-493-495,Constituent Assembly of India Debates (Volume VII),12,179,good,public,"accountability, constitutional, democracy, directive_principles, dpsp, social_democracy, social_justice",
DOC_CAD_CAD_VOL07_19481129,Constituent Assembly Debates: Debate on Untouchability Abolition (Article 17),Dr. B.R. Ambedkar,1948-11-29,debate,en,CAD,CAD-LS-Volume VII-660-669,Constituent Assembly of India Debates (Volume VII),12,112,good,public,"abolition_of_untouchability, article_17, constitutional, dalits, democracy, equality, fundamental_rights, social_justice",
DOC_CAD_CAD_VOL07_19481206,Constituent Assembly Debates: Debate on Due Process of Law vs Procedure Established by Law,Dr. B.R. Ambedkar,1948-12-06,debate,en,CAD,CAD-LS-Volume VII-850-858,Constituent Assembly of India Debates (Volume VII),12,160,good,public,"article_21, constitutional, democracy, due_process, equality, fundamental_rights, judiciary, liberty",
DOC_CAD_CAD_VOL07_19481209,Constituent Assembly Debates: Debate on Religious Freedom and Social Reform,Dr. B.R. Ambedkar,1948-12-09,debate,en,CAD,CAD-LS-Volume VII-890-895,Constituent Assembly of India Debates (Volume VII),12,106,good,public,"article_25, constitutional, religious_freedom, secularism, social_justice, social_reform, temple_entry",
DOC_CAD_CAD_VOL09_19491014,Constituent Assembly Debates: Debate on Emergency Provisions and Article 356,Dr. B.R. Ambedkar,1949-10-14,debate,en,CAD,CAD-LS-Volume IX-175-182,Constituent Assembly of India Debates (Volume IX),12,96,good,public,"article_356, constitutional, dead_letter_doctrine, democracy, emergency_provisions, federalism",
DOC_CAD_CAD_VOL07_19481123,Constituent Assembly Debates: Debate on Uniform Civil Code (Article 44),Dr. B.R. Ambedkar,1948-11-23,debate,en,CAD,CAD-LS-Volume VII-548-552,Constituent Assembly of India Debates (Volume VII),12,106,good,public,"article_44, constitutional, gender_justice, personal_law, uniform_civil_code",
DOC_CAD_CAD_VOL07_19481108,Constituent Assembly Debates: Debate on Constitutional Morality and Village Realities,Dr. B.R. Ambedkar,1948-11-08,debate,en,CAD,CAD-LS-Volume VII-38-41,Constituent Assembly of India Debates (Volume VII),12,88,good,public,"buddhism, constitutional, constitutional_morality, democracy, individual_rights, social_order",
DOC_DAF_BAWS_PUB_1936_AOC,Annihilation of Caste,Dr. B.R. Ambedkar,1936-05-15,publication,en,Foundation,DAF-BAWS_PUB_1936_AOC,Dr. Babasaheb Ambedkar Writings and Speeches (BAWS Vol. 1),45,210,good,public,"annihilation_of_caste, buddhism, caste, caste_reform, democracy, equality, human_rights, labor, morality, social_justice",
DOC_DAF_BAWS_PUB_1916_CII,"Castes in India: Their Mechanism, Genesis and Development",Dr. B.R. Ambedkar,1916-05-09,publication,en,Foundation,DAF-BAWS_PUB_1916_CII,Dr. Babasaheb Ambedkar Writings and Speeches (BAWS Vol. 1),45,90,good,public,"anthropology, caste, columbia_university, endogamy, gender_justice, sociology",
DOC_DAF_BAWS_PUB_1935_WFV,Waiting for a Visa: Autobiographical Life Sketches,Dr. B.R. Ambedkar,1935-10-01,manuscript,en,Foundation,DAF-BAWS_PUB_1935_WFV,Dr. Babasaheb Ambedkar Writings and Speeches (BAWS Vol. 12),45,101,good,public,"autobiography, dalits, economics, education, human_dignity, lived_experience, social_justice, untouchability",
DOC_DAF_BAWS_PUB_1923_POR,The Problem of the Rupee: Its Origin and Its Solution,Dr. B.R. Ambedkar,1923-12-01,publication,en,Foundation,DAF-BAWS_PUB_1923_POR,Dr. Babasaheb Ambedkar Writings and Speeches (BAWS Vol. 6),45,87,good,public,"economics, labor, london_school_of_economics, monetary_policy, rbi, rupee_standard",
DOC_DAF_BAWS_PUB_1947_SAM,States and Minorities: What are Their Rights and How to Secure Them,Dr. B.R. Ambedkar,1947-03-15,publication,en,Foundation,DAF-BAWS_PUB_1947_SAM,Dr. Babasaheb Ambedkar Writings and Speeches (BAWS Vol. 1),45,92,good,public,"caste, constitutional, economic_justice, equality, fundamental_rights, minorities, rights, state_socialism",
DOC_DAF_BAWS_PUB_1946_WWS,Who Were the Shudras? How They Came to Be the Fourth Varna,Dr. B.R. Ambedkar,1946-10-10,publication,en,Foundation,DAF-BAWS_PUB_1946_WWS,Dr. Babasaheb Ambedkar Writings and Speeches (BAWS Vol. 7),45,65,good,public,"ancient_india, caste, history, jyotirao_phule, shudras, social_justice, social_reform",
DOC_DAF_BAWS_PUB_1956_BHD,The Buddha and His Dhamma,Dr. B.R. Ambedkar,1956-11-01,publication,en,Foundation,DAF-BAWS_PUB_1956_BHD,Dr. Babasaheb Ambedkar Writings and Speeches (BAWS Vol. 11),45,85,good,public,"buddhism, compassion, dhamma, equality, ethics, philosophy, social_justice",
DOC_DAF_BAWS_SPEECH_1927_MSD,Mahad Satyagraha Address (Chavdar Tale Water Rights),Dr. B.R. Ambedkar,1927-12-25,speech,en,Foundation,DAF-BAWS_SPEECH_1927_MSD,Dr. Babasaheb Ambedkar Writings and Speeches (BAWS Vol. 17 (Part 1)),45,93,good,public,"civil_rights, equality, human_dignity, mahad_satyagraha, rights, water_rights",
DOC_DAF_BAWS_DOC_1932_POONA,The Poona Pact Agreement and Statement,Dr. B.R. Ambedkar,1932-09-24,other,en,Foundation,DAF-BAWS_DOC_1932_POONA,Dr. Babasaheb Ambedkar Writings and Speeches (BAWS Vol. 2),45,98,good,public,"caste, dalits, democracy, depressed_classes, electorates, equality, political_representation, poona_pact, reservation, social_justice",
DOC_DAF_BAWS_PUB_1920_MUK,Muknayak (Leader of the Voiceless) Inaugural Editorial,Dr. B.R. Ambedkar,1920-01-31,publication,en,Foundation,DAF-BAWS_PUB_1920_MUK,Dr. Babasaheb Ambedkar Writings and Speeches (BAWS Vol. 19),45,100,good,public,"equality, journalism, marathi_press, muknayak, social_justice, social_mobility",
